Using vips to process variants requires the libvips library. Please install libvips using the instructions on the libvips website.
Using vips to process variants requires the libvips library. Please install libvips using the instructions on the libvips website.
Using vips to process variants requires the libvips library. Please install libvips using the instructions on the libvips website.
Using vips to process variants requires the libvips library. Please install libvips using the instructions on the libvips website.
Using vips to process variants requires the libvips library. Please install libvips using the instructions on the libvips website.
Using vips to process variants requires the libvips library. Please install libvips using the instructions on the libvips website.
Using vips to process variants requires the libvips library. Please install libvips using the instructions on the libvips website.
Using vips to process variants requires the libvips library. Please install libvips using the instructions on the libvips website.
Using vips to process variants requires the libvips library. Please install libvips using the instructions on the libvips website.
  [1m[35m (2.5ms)[0m  [1m[35mCREATE TABLE "schema_migrations" ("version" varchar NOT NULL PRIMARY KEY) /*application='ConfCalendar'*/[0m
  [1m[35m (0.2ms)[0m  [1m[35mCREATE TABLE "ar_internal_metadata" ("key" varchar NOT NULL PRIMARY KEY, "value" varchar, "created_at" datetime(6) NOT NULL, "updated_at" datetime(6) NOT NULL) /*application='ConfCalendar'*/[0m
  [1m[36mActiveRecord::InternalMetadata Load (0.2ms)[0m  [1m[34mSELECT * FROM "ar_internal_metadata" WHERE "ar_internal_metadata"."key" = 'environment' ORDER BY "ar_internal_metadata"."key" ASC LIMIT 1 /*application='ConfCalendar'*/[0m
  [1m[36mActiveRecord::InternalMetadata Create (0.2ms)[0m  [1m[32mINSERT INTO "ar_internal_metadata" ("key", "value", "created_at", "updated_at") VALUES ('environment', 'development', '2026-10-04 10:20:06.073676', '2026-10-04 10:20:06.073679') RETURNING "key" /*application='ConfCalendar'*/[0m
  [1m[36mActiveRecord::SchemaMigration Load (0.1ms)[0m  [1m[34mSELECT "schema_migrations"."version" FROM "schema_migrations" ORDER BY "schema_migrations"."version" ASC /*application='ConfCalendar'*/[0m
Migrating to DeviseCreateUsers (20261004101952)
  [1m[36mTRANSACTION (0.1ms)[0m  [1m[35mBEGIN immediate TRANSACTION /*application='ConfCalendar'*/[0m
  [1m[35m (1.8ms)[0m  [1m[35mCREATE TABLE "users" ("id" integer PRIMARY KEY AUTOINCREMENT NOT NULL, "email" varchar DEFAULT '' NOT NULL, "encrypted_password" varchar DEFAULT '' NOT NULL, "reset_password_token" varchar, "reset_password_sent_at" datetime(6), "remember_created_at" datetime(6), "created_at" datetime(6) NOT NULL, "updated_at" datetime(6) NOT NULL) /*application='ConfCalendar'*/[0m
  [1m[35m (0.2ms)[0m  [1m[35mCREATE UNIQUE INDEX "index_users_on_email" ON "users" ("email") /*application='ConfCalendar'*/[0m
  [1m[35m (0.1ms)[0m  [1m[35mCREATE UNIQUE INDEX "index_users_on_reset_password_token" ON "users" ("reset_password_token") /*application='ConfCalendar'*/[0m
  [1m[36mActiveRecord::SchemaMigration Create (0.1ms)[0m  [1m[32mINSERT INTO "schema_migrations" ("version") VALUES ('20261004101952') RETURNING "version" /*application='ConfCalendar'*/[0m
  [1m[36mTRANSACTION (0.1ms)[0m  [1m[35mCOMMIT TRANSACTION /*application='ConfCalendar'*/[0m
  [1m[36mActiveRecord::SchemaMigration Load (0.1ms)[0m  [1m[34mSELECT "schema_migrations"."version" FROM "schema_migrations" ORDER BY "schema_migrations"."version" ASC /*application='ConfCalendar'*/[0m
Using vips to process variants requires the libvips library. Please install libvips using the instructions on the libvips website.
Using vips to process variants requires the libvips library. Please install libvips using the instructions on the libvips website.
Started GET "/" for ::1 at 2026-10-04 13:29:36 +0300
  [1m[36mActiveRecord::SchemaMigration Load (1.1ms)[0m  [1m[34mSELECT "schema_migrations"."version" FROM "schema_migrations" ORDER BY "schema_migrations"."version" ASC /*application='ConfCalendar'*/[0m
Processing by PagesController#home as HTML
  Rendering layout layouts/application.html.erb
  Rendering pages/home.html.erb within layouts/application
  Rendered pages/home.html.erb within layouts/application (Duration: 0.6ms | GC: 0.0ms)
  Rendered layout layouts/application.html.erb (Duration: 113.5ms | GC: 0.0ms)
Completed 200 OK in 511ms (Views: 140.5ms | ActiveRecord: 0.0ms (0 queries, 0 cached) | GC: 0.0ms)


Started GET "/favicon.ico" for ::1 at 2026-10-04 13:29:37 +0300
  
ActionController::RoutingError (No route matches [GET] "/favicon.ico"):
  
Using vips to process variants requires the libvips library. Please install libvips using the instructions on the libvips website.
Using vips to process variants requires the libvips library. Please install libvips using the instructions on the libvips website.
Started GET "/" for ::1 at 2026-10-04 13:33:41 +0300
  [1m[36mActiveRecord::SchemaMigration Load (0.2ms)[0m  [1m[34mSELECT "schema_migrations"."version" FROM "schema_migrations" ORDER BY "schema_migrations"."version" ASC /*application='ConfCalendar'*/[0m
Processing by PagesController#home as HTML
  Rendering layout layouts/application.html.erb
  Rendering pages/home.html.erb within layouts/application
  Rendered pages/home.html.erb within layouts/application (Duration: 0.6ms | GC: 0.0ms)
  Rendered layout layouts/application.html.erb (Duration: 35.2ms | GC: 0.0ms)
Completed 200 OK in 111ms (Views: 47.7ms | ActiveRecord: 0.0ms (0 queries, 0 cached) | GC: 0.0ms)


Started GET "/favicon.ico" for ::1 at 2026-10-04 13:33:42 +0300
  
ActionController::RoutingError (No route matches [GET] "/favicon.ico"):
  
Started GET "/" for ::1 at 2026-10-04 13:33:57 +0300
Processing by PagesController#home as HTML
  Rendering layout layouts/application.html.erb
  Rendering pages/home.html.erb within layouts/application
  Rendered pages/home.html.erb within layouts/application (Duration: 0.0ms | GC: 0.0ms)
  Rendered layout layouts/application.html.erb (Duration: 2.0ms | GC: 0.0ms)
Completed 200 OK in 11ms (Views: 2.6ms | ActiveRecord: 0.0ms (0 queries, 0 cached) | GC: 0.0ms)


Started GET "/" for ::1 at 2026-10-04 13:33:59 +0300
Processing by PagesController#home as HTML
  Rendering layout layouts/application.html.erb
  Rendering pages/home.html.erb within layouts/application
  Rendered pages/home.html.erb within layouts/application (Duration: 0.0ms | GC: 0.0ms)
  Rendered layout layouts/application.html.erb (Duration: 1.5ms | GC: 0.0ms)
Completed 200 OK in 10ms (Views: 2.2ms | ActiveRecord: 0.0ms (0 queries, 0 cached) | GC: 0.0ms)


Started GET "/users/sign_in" for ::1 at 2026-10-04 13:34:12 +0300
Processing by Devise::SessionsController#new as HTML
  Rendering layout layouts/application.html.erb
  Rendering C:/gems/gems/devise-5.0.4/app/views/devise/sessions/new.html.erb within layouts/application
  Rendered C:/gems/gems/devise-5.0.4/app/views/devise/shared/_links.html.erb (Duration: 1.2ms | GC: 0.0ms)
  Rendered C:/gems/gems/devise-5.0.4/app/views/devise/sessions/new.html.erb within layouts/application (Duration: 38.6ms | GC: 0.0ms)
  Rendered layout layouts/application.html.erb (Duration: 39.8ms | GC: 0.0ms)
Completed 200 OK in 73ms (Views: 51.2ms | ActiveRecord: 4.5ms (0 queries, 0 cached) | GC: 0.0ms)


Started GET "/users/sign_up" for ::1 at 2026-10-04 13:34:13 +0300
Processing by Devise::RegistrationsController#new as HTML
  Rendering layout layouts/application.html.erb
  Rendering C:/gems/gems/devise-5.0.4/app/views/devise/registrations/new.html.erb within layouts/application
  Rendered C:/gems/gems/devise-5.0.4/app/views/devise/shared/_error_messages.html.erb (Duration: 0.7ms | GC: 0.0ms)
  Rendered C:/gems/gems/devise-5.0.4/app/views/devise/shared/_links.html.erb (Duration: 0.2ms | GC: 0.0ms)
  Rendered C:/gems/gems/devise-5.0.4/app/views/devise/registrations/new.html.erb within layouts/application (Duration: 6.2ms | GC: 0.0ms)
  Rendered layout layouts/application.html.erb (Duration: 7.0ms | GC: 0.0ms)
Completed 200 OK in 22ms (Views: 12.7ms | ActiveRecord: 0.0ms (0 queries, 0 cached) | GC: 0.0ms)


Started GET "/users/sign_in" for ::1 at 2026-10-04 13:34:13 +0300
Processing by Devise::SessionsController#new as HTML
  Rendering layout layouts/application.html.erb
  Rendering C:/gems/gems/devise-5.0.4/app/views/devise/sessions/new.html.erb within layouts/application
  Rendered C:/gems/gems/devise-5.0.4/app/views/devise/shared/_links.html.erb (Duration: 0.2ms | GC: 0.0ms)
  Rendered C:/gems/gems/devise-5.0.4/app/views/devise/sessions/new.html.erb within layouts/application (Duration: 1.6ms | GC: 0.0ms)
  Rendered layout layouts/application.html.erb (Duration: 2.5ms | GC: 0.0ms)
Completed 200 OK in 15ms (Views: 3.3ms | ActiveRecord: 0.0ms (0 queries, 0 cached) | GC: 0.0ms)


Started GET "/users/sign_in" for ::1 at 2026-10-04 13:34:17 +0300
Processing by Devise::SessionsController#new as HTML
  Rendering layout layouts/application.html.erb
  Rendering C:/gems/gems/devise-5.0.4/app/views/devise/sessions/new.html.erb within layouts/application
  Rendered C:/gems/gems/devise-5.0.4/app/views/devise/shared/_links.html.erb (Duration: 0.3ms | GC: 0.0ms)
  Rendered C:/gems/gems/devise-5.0.4/app/views/devise/sessions/new.html.erb within layouts/application (Duration: 1.9ms | GC: 0.0ms)
  Rendered layout layouts/application.html.erb (Duration: 2.9ms | GC: 0.0ms)
Completed 200 OK in 12ms (Views: 3.5ms | ActiveRecord: 0.0ms (0 queries, 0 cached) | GC: 0.0ms)


Started GET "/users/sign_up" for ::1 at 2026-10-04 13:34:19 +0300
Processing by Devise::RegistrationsController#new as HTML
  Rendering layout layouts/application.html.erb
  Rendering C:/gems/gems/devise-5.0.4/app/views/devise/registrations/new.html.erb within layouts/application
  Rendered C:/gems/gems/devise-5.0.4/app/views/devise/shared/_error_messages.html.erb (Duration: 0.0ms | GC: 0.0ms)
  Rendered C:/gems/gems/devise-5.0.4/app/views/devise/shared/_links.html.erb (Duration: 0.2ms | GC: 0.0ms)
  Rendered C:/gems/gems/devise-5.0.4/app/views/devise/registrations/new.html.erb within layouts/application (Duration: 2.0ms | GC: 0.0ms)
  Rendered layout layouts/application.html.erb (Duration: 2.9ms | GC: 0.0ms)
Completed 200 OK in 12ms (Views: 3.6ms | ActiveRecord: 0.0ms (0 queries, 0 cached) | GC: 0.0ms)


Started GET "/users/sign_in" for ::1 at 2026-10-04 13:34:24 +0300
Processing by Devise::SessionsController#new as HTML
  Rendering layout layouts/application.html.erb
  Rendering C:/gems/gems/devise-5.0.4/app/views/devise/sessions/new.html.erb within layouts/application
  Rendered C:/gems/gems/devise-5.0.4/app/views/devise/shared/_links.html.erb (Duration: 0.2ms | GC: 0.0ms)
  Rendered C:/gems/gems/devise-5.0.4/app/views/devise/sessions/new.html.erb within layouts/application (Duration: 1.5ms | GC: 0.0ms)
  Rendered layout layouts/application.html.erb (Duration: 2.5ms | GC: 0.0ms)
Completed 200 OK in 12ms (Views: 3.2ms | ActiveRecord: 0.0ms (0 queries, 0 cached) | GC: 0.0ms)


Started GET "/" for ::1 at 2026-10-04 13:34:24 +0300
Processing by PagesController#home as HTML
  Rendering layout layouts/application.html.erb
  Rendering pages/home.html.erb within layouts/application
  Rendered pages/home.html.erb within layouts/application (Duration: 0.0ms | GC: 0.0ms)
  Rendered layout layouts/application.html.erb (Duration: 1.6ms | GC: 0.0ms)
Completed 200 OK in 10ms (Views: 2.2ms | ActiveRecord: 0.0ms (0 queries, 0 cached) | GC: 0.0ms)


Started GET "/" for ::1 at 2026-10-04 13:34:25 +0300
Processing by PagesController#home as HTML
  Rendering layout layouts/application.html.erb
  Rendering pages/home.html.erb within layouts/application
  Rendered pages/home.html.erb within layouts/application (Duration: 0.0ms | GC: 0.0ms)
  Rendered layout layouts/application.html.erb (Duration: 1.6ms | GC: 0.0ms)
Completed 200 OK in 11ms (Views: 2.2ms | ActiveRecord: 0.0ms (0 queries, 0 cached) | GC: 0.0ms)


Started GET "/users/sign_up" for ::1 at 2026-10-04 13:34:26 +0300
Processing by Devise::RegistrationsController#new as HTML
  Rendering layout layouts/application.html.erb
  Rendering C:/gems/gems/devise-5.0.4/app/views/devise/registrations/new.html.erb within layouts/application
  Rendered C:/gems/gems/devise-5.0.4/app/views/devise/shared/_error_messages.html.erb (Duration: 0.0ms | GC: 0.0ms)
  Rendered C:/gems/gems/devise-5.0.4/app/views/devise/shared/_links.html.erb (Duration: 0.1ms | GC: 0.0ms)
  Rendered C:/gems/gems/devise-5.0.4/app/views/devise/registrations/new.html.erb within layouts/application (Duration: 1.7ms | GC: 0.0ms)
  Rendered layout layouts/application.html.erb (Duration: 2.6ms | GC: 0.0ms)
Completed 200 OK in 13ms (Views: 3.2ms | ActiveRecord: 0.0ms (0 queries, 0 cached) | GC: 0.0ms)


Using vips to process variants requires the libvips library. Please install libvips using the instructions on the libvips website.
Using vips to process variants requires the libvips library. Please install libvips using the instructions on the libvips website.
Using vips to process variants requires the libvips library. Please install libvips using the instructions on the libvips website.
Started GET "/users/sign_up" for ::1 at 2026-10-04 13:44:37 +0300
  [1m[36mActiveRecord::SchemaMigration Load (0.2ms)[0m  [1m[34mSELECT "schema_migrations"."version" FROM "schema_migrations" ORDER BY "schema_migrations"."version" ASC /*application='ConfCalendar'*/[0m
Processing by Devise::RegistrationsController#new as HTML
  Rendering layout layouts/application.html.erb
  Rendering devise/registrations/new.html.erb within layouts/application
  Rendered devise/shared/_error_messages.html.erb (Duration: 1.3ms | GC: 0.0ms)
  Rendered devise/registrations/new.html.erb within layouts/application (Duration: 17.1ms | GC: 0.0ms)
  Rendered layout layouts/application.html.erb (Duration: 55.3ms | GC: 0.0ms)
Completed 200 OK in 126ms (Views: 81.2ms | ActiveRecord: 3.1ms (0 queries, 0 cached) | GC: 0.2ms)


Started GET "/" for ::1 at 2026-10-04 13:44:42 +0300
Processing by PagesController#home as HTML
  Rendering layout layouts/application.html.erb
  Rendering pages/home.html.erb within layouts/application
  Rendered pages/home.html.erb within layouts/application (Duration: 0.5ms | GC: 0.0ms)
  Rendered layout layouts/application.html.erb (Duration: 2.1ms | GC: 0.0ms)
Completed 200 OK in 17ms (Views: 7.7ms | ActiveRecord: 0.0ms (0 queries, 0 cached) | GC: 0.0ms)


Started GET "/users/sign_in" for ::1 at 2026-10-04 13:44:48 +0300
Processing by Devise::SessionsController#new as HTML
  Rendering layout layouts/application.html.erb
  Rendering devise/sessions/new.html.erb within layouts/application
  Rendered devise/sessions/new.html.erb within layouts/application (Duration: 4.8ms | GC: 0.0ms)
  Rendered layout layouts/application.html.erb (Duration: 5.7ms | GC: 0.0ms)
Completed 200 OK in 21ms (Views: 11.4ms | ActiveRecord: 0.0ms (0 queries, 0 cached) | GC: 0.0ms)


Started GET "/users/sign_up" for ::1 at 2026-10-04 13:44:48 +0300
Processing by Devise::RegistrationsController#new as HTML
  Rendering layout layouts/application.html.erb
  Rendering devise/registrations/new.html.erb within layouts/application
  Rendered devise/shared/_error_messages.html.erb (Duration: 0.0ms | GC: 0.0ms)
  Rendered devise/registrations/new.html.erb within layouts/application (Duration: 1.3ms | GC: 0.0ms)
  Rendered layout layouts/application.html.erb (Duration: 2.0ms | GC: 0.0ms)
Completed 200 OK in 11ms (Views: 2.6ms | ActiveRecord: 0.0ms (0 queries, 0 cached) | GC: 0.0ms)


Started GET "/users/sign_in" for ::1 at 2026-10-04 13:44:53 +0300
Processing by Devise::SessionsController#new as HTML
  Rendering layout layouts/application.html.erb
  Rendering devise/sessions/new.html.erb within layouts/application
  Rendered devise/sessions/new.html.erb within layouts/application (Duration: 0.9ms | GC: 0.0ms)
  Rendered layout layouts/application.html.erb (Duration: 1.7ms | GC: 0.0ms)
Completed 200 OK in 11ms (Views: 2.3ms | ActiveRecord: 0.0ms (0 queries, 0 cached) | GC: 0.0ms)


Started GET "/users/sign_in" for ::1 at 2026-10-04 13:45:22 +0300
Processing by Devise::SessionsController#new as HTML
  Rendering layout layouts/application.html.erb
  Rendering devise/sessions/new.html.erb within layouts/application
  Rendered devise/sessions/new.html.erb within layouts/application (Duration: 1.0ms | GC: 0.0ms)
  Rendered layout layouts/application.html.erb (Duration: 1.9ms | GC: 0.0ms)
Completed 200 OK in 12ms (Views: 2.4ms | ActiveRecord: 0.0ms (0 queries, 0 cached) | GC: 0.0ms)


Started POST "/users" for ::1 at 2026-10-04 13:46:18 +0300
Processing by Devise::RegistrationsController#create as TURBO_STREAM
  Parameters: {"authenticity_token" => "[FILTERED]", "user" => {"email" => "[FILTERED]", "password" => "[FILTERED]", "password_confirmation" => "[FILTERED]"}, "commit" => "Зарегистрироваться"}
  [1m[36mTRANSACTION (0.1ms)[0m  [1m[35mBEGIN immediate TRANSACTION /*action='create',application='ConfCalendar',controller='registrations'*/[0m
  [1m[36mUser Exists? (3.6ms)[0m  [1m[34mSELECT 1 AS one FROM "users" WHERE "users"."email" = 'dyatlowskaya.polina@yandex.ru' LIMIT 1 /*action='create',application='ConfCalendar',controller='registrations'*/[0m
  [1m[36mUser Create (0.2ms)[0m  [1m[32mINSERT INTO "users" ("email", "encrypted_password", "reset_password_token", "reset_password_sent_at", "remember_created_at", "created_at", "updated_at") VALUES ('dyatlowskaya.polina@yandex.ru', '$2a$12$ogcyNW7uj6PIT8VNxX2TE.AVsfs4FDCXrug7LAAbUkXRZwM0Nl4CS', NULL, NULL, NULL, '2026-10-04 10:46:19.085403', '2026-10-04 10:46:19.085403') RETURNING "id" /*action='create',application='ConfCalendar',controller='registrations'*/[0m
  [1m[36mTRANSACTION (2.3ms)[0m  [1m[35mCOMMIT TRANSACTION /*action='create',application='ConfCalendar',controller='registrations'*/[0m
Redirected to http://localhost:5000/
Completed 303 See Other in 336ms (ActiveRecord: 6.2ms (2 queries, 0 cached) | GC: 0.0ms)


Started GET "/" for ::1 at 2026-10-04 13:46:19 +0300
Processing by PagesController#home as TURBO_STREAM
  Rendering layout layouts/application.html.erb
  Rendering pages/home.html.erb within layouts/application
  Rendered pages/home.html.erb within layouts/application (Duration: 0.0ms | GC: 0.0ms)
  [1m[36mUser Load (0.2ms)[0m  [1m[34mSELECT "users".* FROM "users" WHERE "users"."id" = 1 ORDER BY "users"."id" ASC LIMIT 1 /*action='home',application='ConfCalendar',controller='pages'*/[0m
  ↳ app/views/layouts/application.html.erb:30
  Rendered layout layouts/application.html.erb (Duration: 3.8ms | GC: 0.0ms)
Completed 200 OK in 13ms (Views: 4.2ms | ActiveRecord: 0.2ms (1 query, 0 cached) | GC: 0.0ms)


Started DELETE "/users/sign_out" for ::1 at 2026-10-04 13:46:39 +0300
Processing by Devise::SessionsController#destroy as TURBO_STREAM
  Parameters: {"authenticity_token" => "[FILTERED]"}
  [1m[36mUser Load (0.2ms)[0m  [1m[34mSELECT "users".* FROM "users" WHERE "users"."id" = 1 ORDER BY "users"."id" ASC LIMIT 1 /*action='destroy',application='ConfCalendar',controller='sessions'*/[0m
Redirected to http://localhost:5000/
Completed 303 See Other in 28ms (ActiveRecord: 0.1ms (1 query, 0 cached) | GC: 0.0ms)


Started GET "/" for ::1 at 2026-10-04 13:46:39 +0300
Processing by PagesController#home as TURBO_STREAM
  Rendering layout layouts/application.html.erb
  Rendering pages/home.html.erb within layouts/application
  Rendered pages/home.html.erb within layouts/application (Duration: 0.0ms | GC: 0.0ms)
  Rendered layout layouts/application.html.erb (Duration: 1.7ms | GC: 0.0ms)
Completed 200 OK in 14ms (Views: 2.5ms | ActiveRecord: 0.0ms (0 queries, 0 cached) | GC: 0.0ms)


Started GET "/users/sign_up" for ::1 at 2026-10-04 13:46:39 +0300
Processing by Devise::RegistrationsController#new as HTML
  Rendering layout layouts/application.html.erb
  Rendering devise/registrations/new.html.erb within layouts/application
  Rendered devise/shared/_error_messages.html.erb (Duration: 0.0ms | GC: 0.0ms)
  Rendered devise/registrations/new.html.erb within layouts/application (Duration: 1.1ms | GC: 0.0ms)
  Rendered layout layouts/application.html.erb (Duration: 2.0ms | GC: 0.0ms)
Completed 200 OK in 11ms (Views: 2.6ms | ActiveRecord: 0.0ms (0 queries, 0 cached) | GC: 0.0ms)


Started GET "/users/sign_up" for ::1 at 2026-10-04 13:46:42 +0300
Processing by Devise::RegistrationsController#new as HTML
  Rendering layout layouts/application.html.erb
  Rendering devise/registrations/new.html.erb within layouts/application
  Rendered devise/shared/_error_messages.html.erb (Duration: 0.0ms | GC: 0.0ms)
  Rendered devise/registrations/new.html.erb within layouts/application (Duration: 1.8ms | GC: 0.0ms)
  Rendered layout layouts/application.html.erb (Duration: 2.9ms | GC: 0.0ms)
Completed 200 OK in 13ms (Views: 3.7ms | ActiveRecord: 0.0ms (0 queries, 0 cached) | GC: 0.0ms)


Started GET "/users/sign_in" for ::1 at 2026-10-04 13:46:43 +0300
Processing by Devise::SessionsController#new as HTML
  Rendering layout layouts/application.html.erb
  Rendering devise/sessions/new.html.erb within layouts/application
  Rendered devise/sessions/new.html.erb within layouts/application (Duration: 1.0ms | GC: 0.0ms)
  Rendered layout layouts/application.html.erb (Duration: 1.9ms | GC: 0.0ms)
Completed 200 OK in 12ms (Views: 2.5ms | ActiveRecord: 0.0ms (0 queries, 0 cached) | GC: 0.0ms)


Started POST "/users/sign_in" for ::1 at 2026-10-04 13:46:49 +0300
Processing by Devise::SessionsController#create as TURBO_STREAM
  Parameters: {"authenticity_token" => "[FILTERED]", "user" => {"email" => "[FILTERED]", "password" => "[FILTERED]", "remember_me" => "0"}, "commit" => "Войти"}
  [1m[36mUser Load (0.2ms)[0m  [1m[34mSELECT "users".* FROM "users" WHERE "users"."email" = 'dyatlowskaya.polina@yandex.ru' ORDER BY "users"."id" ASC LIMIT 1 /*action='create',application='ConfCalendar',controller='sessions'*/[0m
Completed 401 Unauthorized in 366ms (ActiveRecord: 0.2ms (1 query, 0 cached) | GC: 0.0ms)


Processing by Devise::SessionsController#new as TURBO_STREAM
  Parameters: {"authenticity_token" => "[FILTERED]", "user" => {"email" => "[FILTERED]", "password" => "[FILTERED]", "remember_me" => "0"}, "commit" => "Войти"}
  Rendering layout layouts/application.html.erb
  Rendering devise/sessions/new.html.erb within layouts/application
  Rendered devise/sessions/new.html.erb within layouts/application (Duration: 1.2ms | GC: 0.0ms)
  Rendered layout layouts/application.html.erb (Duration: 2.2ms | GC: 0.0ms)
Completed 200 OK in 252ms (Views: 3.0ms | ActiveRecord: 0.0ms (0 queries, 0 cached) | GC: 0.0ms)


Started POST "/users/sign_in" for ::1 at 2026-10-04 13:47:07 +0300
Processing by Devise::SessionsController#create as TURBO_STREAM
  Parameters: {"authenticity_token" => "[FILTERED]", "user" => {"email" => "[FILTERED]", "password" => "[FILTERED]", "remember_me" => "0"}, "commit" => "Войти"}
  [1m[36mUser Load (0.2ms)[0m  [1m[34mSELECT "users".* FROM "users" WHERE "users"."email" = 'dyatlowskaya.polina@yandex.ru' ORDER BY "users"."id" ASC LIMIT 1 /*action='create',application='ConfCalendar',controller='sessions'*/[0m
Redirected to http://localhost:5000/
Completed 303 See Other in 273ms (ActiveRecord: 0.2ms (1 query, 0 cached) | GC: 0.0ms)


Started GET "/" for ::1 at 2026-10-04 13:47:08 +0300
Processing by PagesController#home as TURBO_STREAM
  Rendering layout layouts/application.html.erb
  Rendering pages/home.html.erb within layouts/application
  Rendered pages/home.html.erb within layouts/application (Duration: 0.0ms | GC: 0.0ms)
  [1m[36mUser Load (0.2ms)[0m  [1m[34mSELECT "users".* FROM "users" WHERE "users"."id" = 1 ORDER BY "users"."id" ASC LIMIT 1 /*action='home',application='ConfCalendar',controller='pages'*/[0m
  ↳ app/views/layouts/application.html.erb:30
  Rendered layout layouts/application.html.erb (Duration: 4.0ms | GC: 0.0ms)
Completed 200 OK in 15ms (Views: 4.5ms | ActiveRecord: 0.2ms (1 query, 0 cached) | GC: 0.0ms)


Started DELETE "/users/sign_out" for ::1 at 2026-10-04 13:47:10 +0300
Processing by Devise::SessionsController#destroy as TURBO_STREAM
  Parameters: {"authenticity_token" => "[FILTERED]"}
  [1m[36mUser Load (0.2ms)[0m  [1m[34mSELECT "users".* FROM "users" WHERE "users"."id" = 1 ORDER BY "users"."id" ASC LIMIT 1 /*action='destroy',application='ConfCalendar',controller='sessions'*/[0m
Redirected to http://localhost:5000/
Completed 303 See Other in 20ms (ActiveRecord: 0.1ms (1 query, 0 cached) | GC: 0.0ms)


Started GET "/" for ::1 at 2026-10-04 13:47:10 +0300
Processing by PagesController#home as TURBO_STREAM
  Rendering layout layouts/application.html.erb
  Rendering pages/home.html.erb within layouts/application
  Rendered pages/home.html.erb within layouts/application (Duration: 0.0ms | GC: 0.0ms)
  Rendered layout layouts/application.html.erb (Duration: 1.7ms | GC: 0.0ms)
Completed 200 OK in 15ms (Views: 2.4ms | ActiveRecord: 0.0ms (0 queries, 0 cached) | GC: 0.0ms)


Started GET "/users/sign_up" for ::1 at 2026-10-04 13:47:10 +0300
Processing by Devise::RegistrationsController#new as HTML
  Rendering layout layouts/application.html.erb
  Rendering devise/registrations/new.html.erb within layouts/application
  Rendered devise/shared/_error_messages.html.erb (Duration: 0.0ms | GC: 0.0ms)
  Rendered devise/registrations/new.html.erb within layouts/application (Duration: 1.2ms | GC: 0.0ms)
  Rendered layout layouts/application.html.erb (Duration: 2.2ms | GC: 0.0ms)
Completed 200 OK in 15ms (Views: 2.9ms | ActiveRecord: 0.0ms (0 queries, 0 cached) | GC: 0.0ms)


Started GET "/users/sign_up" for ::1 at 2026-10-04 13:47:11 +0300
Processing by Devise::RegistrationsController#new as HTML
  Rendering layout layouts/application.html.erb
  Rendering devise/registrations/new.html.erb within layouts/application
  Rendered devise/shared/_error_messages.html.erb (Duration: 0.0ms | GC: 0.0ms)
  Rendered devise/registrations/new.html.erb within layouts/application (Duration: 1.5ms | GC: 0.0ms)
  Rendered layout layouts/application.html.erb (Duration: 2.7ms | GC: 0.0ms)
Completed 200 OK in 16ms (Views: 3.5ms | ActiveRecord: 0.0ms (0 queries, 0 cached) | GC: 0.0ms)


Started GET "/users/sign_up" for ::1 at 2026-10-04 13:47:15 +0300
Processing by Devise::RegistrationsController#new as HTML
  Rendering layout layouts/application.html.erb
  Rendering devise/registrations/new.html.erb within layouts/application
  Rendered devise/shared/_error_messages.html.erb (Duration: 0.0ms | GC: 0.0ms)
  Rendered devise/registrations/new.html.erb within layouts/application (Duration: 1.7ms | GC: 0.0ms)
  Rendered layout layouts/application.html.erb (Duration: 2.9ms | GC: 0.0ms)
Completed 200 OK in 14ms (Views: 3.6ms | ActiveRecord: 0.0ms (0 queries, 0 cached) | GC: 0.0ms)


Started POST "/users" for ::1 at 2026-10-04 13:47:23 +0300
Processing by Devise::RegistrationsController#create as TURBO_STREAM
  Parameters: {"authenticity_token" => "[FILTERED]", "user" => {"email" => "[FILTERED]", "password" => "[FILTERED]", "password_confirmation" => "[FILTERED]"}, "commit" => "Зарегистрироваться"}
  [1m[36mTRANSACTION (0.1ms)[0m  [1m[35mBEGIN immediate TRANSACTION /*action='create',application='ConfCalendar',controller='registrations'*/[0m
  [1m[36mUser Exists? (4.2ms)[0m  [1m[34mSELECT 1 AS one FROM "users" WHERE "users"."email" = 'dyatlowskaya.polina@yandex.ru' LIMIT 1 /*action='create',application='ConfCalendar',controller='registrations'*/[0m
  [1m[36mTRANSACTION (0.0ms)[0m  [1m[31mROLLBACK TRANSACTION /*action='create',application='ConfCalendar',controller='registrations'*/[0m
  Rendering layout layouts/application.html.erb
  Rendering devise/registrations/new.html.erb within layouts/application
  Rendered devise/shared/_error_messages.html.erb (Duration: 1.2ms | GC: 0.0ms)
  Rendered devise/registrations/new.html.erb within layouts/application (Duration: 3.9ms | GC: 0.0ms)
  Rendered layout layouts/application.html.erb (Duration: 4.9ms | GC: 0.0ms)
Completed 422 Unprocessable Content in 281ms (Views: 5.5ms | ActiveRecord: 4.3ms (1 query, 0 cached) | GC: 0.0ms)


Using vips to process variants requires the libvips library. Please install libvips using the instructions on the libvips website.
Using vips to process variants requires the libvips library. Please install libvips using the instructions on the libvips website.
Started GET "/users/sign_up" for ::1 at 2026-10-04 13:58:50 +0300
  [1m[36mActiveRecord::SchemaMigration Load (0.2ms)[0m  [1m[34mSELECT "schema_migrations"."version" FROM "schema_migrations" ORDER BY "schema_migrations"."version" ASC /*application='ConfCalendar'*/[0m
Processing by Devise::RegistrationsController#new as HTML
  Rendering layout layouts/application.html.erb
  Rendering devise/registrations/new.html.erb within layouts/application
  Rendered devise/shared/_error_messages.html.erb (Duration: 0.5ms | GC: 0.0ms)
  Rendered devise/registrations/new.html.erb within layouts/application (Duration: 11.3ms | GC: 0.0ms)
  Rendered layout layouts/application.html.erb (Duration: 32.4ms | GC: 0.0ms)
Completed 200 OK in 1150ms (Views: 1088.9ms | ActiveRecord: 4.2ms (0 queries, 0 cached) | GC: 0.2ms)


Started GET "/users/sign_in" for ::1 at 2026-10-04 13:59:01 +0300
Processing by Devise::SessionsController#new as HTML
  Rendering layout layouts/application.html.erb
  Rendering devise/sessions/new.html.erb within layouts/application
  Rendered devise/sessions/new.html.erb within layouts/application (Duration: 4.6ms | GC: 0.0ms)
  Rendered layout layouts/application.html.erb (Duration: 5.7ms | GC: 0.0ms)
Completed 200 OK in 21ms (Views: 10.8ms | ActiveRecord: 0.0ms (0 queries, 0 cached) | GC: 0.0ms)


Started GET "/users/sign_up" for ::1 at 2026-10-04 13:59:02 +0300
Processing by Devise::RegistrationsController#new as HTML
  Rendering layout layouts/application.html.erb
  Rendering devise/registrations/new.html.erb within layouts/application
  Rendered devise/shared/_error_messages.html.erb (Duration: 0.0ms | GC: 0.0ms)
  Rendered devise/registrations/new.html.erb within layouts/application (Duration: 1.3ms | GC: 0.0ms)
  Rendered layout layouts/application.html.erb (Duration: 2.1ms | GC: 0.0ms)
Completed 200 OK in 12ms (Views: 2.7ms | ActiveRecord: 0.0ms (0 queries, 0 cached) | GC: 0.0ms)


Started POST "/users/sign_in" for ::1 at 2026-10-04 13:59:07 +0300
Processing by Devise::SessionsController#create as TURBO_STREAM
  Parameters: {"authenticity_token" => "[FILTERED]", "user" => {"email" => "[FILTERED]", "password" => "[FILTERED]", "remember_me" => "0"}, "commit" => "Войти"}
  [1m[36mUser Load (0.3ms)[0m  [1m[34mSELECT "users".* FROM "users" WHERE "users"."email" = 'pdatlovskaa@gmail.com' ORDER BY "users"."id" ASC LIMIT 1 /*action='create',application='ConfCalendar',controller='sessions'*/[0m
Completed 401 Unauthorized in 46ms (ActiveRecord: 0.3ms (1 query, 0 cached) | GC: 0.0ms)


Processing by Devise::SessionsController#new as TURBO_STREAM
  Parameters: {"authenticity_token" => "[FILTERED]", "user" => {"email" => "[FILTERED]", "password" => "[FILTERED]", "remember_me" => "0"}, "commit" => "Войти"}
  Rendering layout layouts/application.html.erb
  Rendering devise/sessions/new.html.erb within layouts/application
  Rendered devise/sessions/new.html.erb within layouts/application (Duration: 1.4ms | GC: 0.0ms)
  Rendered layout layouts/application.html.erb (Duration: 2.3ms | GC: 0.0ms)
Completed 200 OK in 253ms (Views: 3.3ms | ActiveRecord: 0.0ms (0 queries, 0 cached) | GC: 0.0ms)


Started POST "/users/sign_in" for ::1 at 2026-10-04 13:59:24 +0300
Processing by Devise::SessionsController#create as TURBO_STREAM
  Parameters: {"authenticity_token" => "[FILTERED]", "user" => {"email" => "[FILTERED]", "password" => "[FILTERED]", "remember_me" => "0"}, "commit" => "Войти"}
  [1m[36mUser Load (0.2ms)[0m  [1m[34mSELECT "users".* FROM "users" WHERE "users"."email" = 'dyatlowskaya.polina@yandex.ru' ORDER BY "users"."id" ASC LIMIT 1 /*action='create',application='ConfCalendar',controller='sessions'*/[0m
Completed 401 Unauthorized in 243ms (ActiveRecord: 0.2ms (1 query, 0 cached) | GC: 0.0ms)


Processing by Devise::SessionsController#new as TURBO_STREAM
  Parameters: {"authenticity_token" => "[FILTERED]", "user" => {"email" => "[FILTERED]", "password" => "[FILTERED]", "remember_me" => "0"}, "commit" => "Войти"}
  Rendering layout layouts/application.html.erb
  Rendering devise/sessions/new.html.erb within layouts/application
  Rendered devise/sessions/new.html.erb within layouts/application (Duration: 1.0ms | GC: 0.0ms)
  Rendered layout layouts/application.html.erb (Duration: 1.8ms | GC: 0.0ms)
Completed 200 OK in 243ms (Views: 2.5ms | ActiveRecord: 0.0ms (0 queries, 0 cached) | GC: 0.0ms)


Started GET "/users/sign_up" for ::1 at 2026-10-04 13:59:53 +0300
Processing by Devise::RegistrationsController#new as HTML
  Rendering layout layouts/application.html.erb
  Rendering devise/registrations/new.html.erb within layouts/application
  Rendered devise/shared/_error_messages.html.erb (Duration: 0.0ms | GC: 0.0ms)
  Rendered devise/registrations/new.html.erb within layouts/application (Duration: 1.2ms | GC: 0.0ms)
  Rendered layout layouts/application.html.erb (Duration: 1.9ms | GC: 0.0ms)
Completed 200 OK in 11ms (Views: 2.5ms | ActiveRecord: 0.0ms (0 queries, 0 cached) | GC: 0.0ms)


Started GET "/users/sign_up" for ::1 at 2026-10-04 13:59:53 +0300
Processing by Devise::RegistrationsController#new as HTML
  Rendering layout layouts/application.html.erb
  Rendering devise/registrations/new.html.erb within layouts/application
  Rendered devise/shared/_error_messages.html.erb (Duration: 0.0ms | GC: 0.0ms)
  Rendered devise/registrations/new.html.erb within layouts/application (Duration: 1.1ms | GC: 0.0ms)
  Rendered layout layouts/application.html.erb (Duration: 1.9ms | GC: 0.0ms)
Completed 200 OK in 11ms (Views: 2.5ms | ActiveRecord: 0.0ms (0 queries, 0 cached) | GC: 0.0ms)


Started POST "/users" for ::1 at 2026-10-04 14:00:00 +0300
Processing by Devise::RegistrationsController#create as TURBO_STREAM
  Parameters: {"authenticity_token" => "[FILTERED]", "user" => {"email" => "[FILTERED]", "password" => "[FILTERED]", "password_confirmation" => "[FILTERED]"}, "commit" => "Зарегистрироваться"}
  [1m[36mTRANSACTION (0.1ms)[0m  [1m[35mBEGIN immediate TRANSACTION /*action='create',application='ConfCalendar',controller='registrations'*/[0m
  [1m[36mUser Exists? (3.1ms)[0m  [1m[34mSELECT 1 AS one FROM "users" WHERE "users"."email" = 'pdatlovskaa@gmail.com' LIMIT 1 /*action='create',application='ConfCalendar',controller='registrations'*/[0m
  [1m[36mTRANSACTION (0.1ms)[0m  [1m[31mROLLBACK TRANSACTION /*action='create',application='ConfCalendar',controller='registrations'*/[0m
  Rendering layout layouts/application.html.erb
  Rendering devise/registrations/new.html.erb within layouts/application
  Rendered devise/shared/_error_messages.html.erb (Duration: 1.6ms | GC: 0.0ms)
  Rendered devise/registrations/new.html.erb within layouts/application (Duration: 4.4ms | GC: 0.0ms)
  Rendered layout layouts/application.html.erb (Duration: 5.6ms | GC: 0.0ms)
Completed 422 Unprocessable Content in 384ms (Views: 6.4ms | ActiveRecord: 3.3ms (1 query, 0 cached) | GC: 0.0ms)


Started POST "/users" for ::1 at 2026-10-04 14:01:06 +0300
Processing by Devise::RegistrationsController#create as TURBO_STREAM
  Parameters: {"authenticity_token" => "[FILTERED]", "user" => {"email" => "[FILTERED]", "password" => "[FILTERED]", "password_confirmation" => "[FILTERED]"}, "commit" => "Зарегистрироваться"}
  [1m[36mTRANSACTION (0.1ms)[0m  [1m[35mBEGIN immediate TRANSACTION /*action='create',application='ConfCalendar',controller='registrations'*/[0m
  [1m[36mUser Exists? (3.1ms)[0m  [1m[34mSELECT 1 AS one FROM "users" WHERE "users"."email" = 'dyatlowskaya.polina@yandex.ru' LIMIT 1 /*action='create',application='ConfCalendar',controller='registrations'*/[0m
  [1m[36mTRANSACTION (0.0ms)[0m  [1m[31mROLLBACK TRANSACTION /*action='create',application='ConfCalendar',controller='registrations'*/[0m
  Rendering layout layouts/application.html.erb
  Rendering devise/registrations/new.html.erb within layouts/application
  Rendered devise/shared/_error_messages.html.erb (Duration: 0.8ms | GC: 0.0ms)
  Rendered devise/registrations/new.html.erb within layouts/application (Duration: 2.7ms | GC: 0.0ms)
  Rendered layout layouts/application.html.erb (Duration: 3.5ms | GC: 0.0ms)
Completed 422 Unprocessable Content in 255ms (Views: 4.0ms | ActiveRecord: 3.3ms (1 query, 0 cached) | GC: 0.0ms)


Using vips to process variants requires the libvips library. Please install libvips using the instructions on the libvips website.
Using vips to process variants requires the libvips library. Please install libvips using the instructions on the libvips website.
Started GET "/users/sign_up" for ::1 at 2026-10-04 14:05:39 +0300
  [1m[36mActiveRecord::SchemaMigration Load (0.3ms)[0m  [1m[34mSELECT "schema_migrations"."version" FROM "schema_migrations" ORDER BY "schema_migrations"."version" ASC /*application='ConfCalendar'*/[0m
Processing by Devise::RegistrationsController#new as HTML
  Rendering layout layouts/application.html.erb
  Rendering devise/registrations/new.html.erb within layouts/application
  Rendered devise/shared/_error_messages.html.erb (Duration: 0.5ms | GC: 0.0ms)
  Rendered devise/registrations/new.html.erb within layouts/application (Duration: 12.6ms | GC: 0.0ms)
  Rendered layout layouts/application.html.erb (Duration: 37.7ms | GC: 0.0ms)
Completed 200 OK in 418ms (Views: 355.1ms | ActiveRecord: 4.6ms (0 queries, 0 cached) | GC: 0.6ms)


Started POST "/users" for ::1 at 2026-10-04 14:05:51 +0300
Processing by Devise::RegistrationsController#create as TURBO_STREAM
  Parameters: {"authenticity_token" => "[FILTERED]", "user" => {"email" => "[FILTERED]", "password" => "[FILTERED]", "password_confirmation" => "[FILTERED]"}, "commit" => "Зарегистрироваться"}
  [1m[36mTRANSACTION (0.1ms)[0m  [1m[35mBEGIN immediate TRANSACTION /*action='create',application='ConfCalendar',controller='registrations'*/[0m
  [1m[36mUser Exists? (3.0ms)[0m  [1m[34mSELECT 1 AS one FROM "users" WHERE "users"."email" = 'pdatlovskaa@gmail.com' LIMIT 1 /*action='create',application='ConfCalendar',controller='registrations'*/[0m
  [1m[36mTRANSACTION (0.1ms)[0m  [1m[31mROLLBACK TRANSACTION /*action='create',application='ConfCalendar',controller='registrations'*/[0m
  Rendering layout layouts/application.html.erb
  Rendering devise/registrations/new.html.erb within layouts/application
  Rendered devise/shared/_error_messages.html.erb (Duration: 0.6ms | GC: 0.0ms)
  Rendered devise/registrations/new.html.erb within layouts/application (Duration: 2.3ms | GC: 0.0ms)
  Rendered layout layouts/application.html.erb (Duration: 3.2ms | GC: 0.0ms)
Completed 422 Unprocessable Content in 294ms (Views: 3.8ms | ActiveRecord: 3.2ms (1 query, 0 cached) | GC: 0.0ms)


Using vips to process variants requires the libvips library. Please install libvips using the instructions on the libvips website.
Using vips to process variants requires the libvips library. Please install libvips using the instructions on the libvips website.
Started GET "/users/sign_up" for ::1 at 2026-10-04 14:06:39 +0300
  [1m[36mActiveRecord::SchemaMigration Load (0.2ms)[0m  [1m[34mSELECT "schema_migrations"."version" FROM "schema_migrations" ORDER BY "schema_migrations"."version" ASC /*application='ConfCalendar'*/[0m
Processing by Devise::RegistrationsController#new as HTML
  Rendering layout layouts/application.html.erb
  Rendering devise/registrations/new.html.erb within layouts/application
  Rendered devise/shared/_error_messages.html.erb (Duration: 0.4ms | GC: 0.0ms)
  Rendered devise/registrations/new.html.erb within layouts/application (Duration: 11.3ms | GC: 0.0ms)
  Rendered layout layouts/application.html.erb (Duration: 31.9ms | GC: 0.0ms)
Completed 200 OK in 394ms (Views: 331.5ms | ActiveRecord: 5.0ms (0 queries, 0 cached) | GC: 0.2ms)


Started POST "/users" for ::1 at 2026-10-04 14:06:49 +0300
Processing by Devise::RegistrationsController#create as TURBO_STREAM
  Parameters: {"authenticity_token" => "[FILTERED]", "user" => {"email" => "[FILTERED]", "password" => "[FILTERED]", "password_confirmation" => "[FILTERED]"}, "commit" => "Зарегистрироваться"}
  [1m[36mTRANSACTION (0.1ms)[0m  [1m[35mBEGIN immediate TRANSACTION /*action='create',application='ConfCalendar',controller='registrations'*/[0m
  [1m[36mUser Exists? (3.4ms)[0m  [1m[34mSELECT 1 AS one FROM "users" WHERE "users"."email" = 'pdatlovskaa@gmail.com' LIMIT 1 /*action='create',application='ConfCalendar',controller='registrations'*/[0m
  [1m[36mTRANSACTION (0.1ms)[0m  [1m[31mROLLBACK TRANSACTION /*action='create',application='ConfCalendar',controller='registrations'*/[0m
  Rendering layout layouts/application.html.erb
  Rendering devise/registrations/new.html.erb within layouts/application
  Rendered devise/shared/_error_messages.html.erb (Duration: 0.8ms | GC: 0.0ms)
  Rendered devise/registrations/new.html.erb within layouts/application (Duration: 3.0ms | GC: 0.0ms)
  Rendered layout layouts/application.html.erb (Duration: 4.1ms | GC: 0.0ms)
Completed 422 Unprocessable Content in 292ms (Views: 4.7ms | ActiveRecord: 3.6ms (1 query, 0 cached) | GC: 0.0ms)


Started POST "/users" for ::1 at 2026-10-04 14:07:14 +0300
Processing by Devise::RegistrationsController#create as TURBO_STREAM
  Parameters: {"authenticity_token" => "[FILTERED]", "user" => {"email" => "[FILTERED]", "password" => "[FILTERED]", "password_confirmation" => "[FILTERED]"}, "commit" => "Зарегистрироваться"}
  [1m[36mTRANSACTION (0.1ms)[0m  [1m[35mBEGIN immediate TRANSACTION /*action='create',application='ConfCalendar',controller='registrations'*/[0m
  [1m[36mUser Exists? (3.0ms)[0m  [1m[34mSELECT 1 AS one FROM "users" WHERE "users"."email" = 'dyatlowskaya.polina@yandex.ru' LIMIT 1 /*action='create',application='ConfCalendar',controller='registrations'*/[0m
  [1m[36mTRANSACTION (0.1ms)[0m  [1m[31mROLLBACK TRANSACTION /*action='create',application='ConfCalendar',controller='registrations'*/[0m
  Rendering layout layouts/application.html.erb
  Rendering devise/registrations/new.html.erb within layouts/application
  Rendered devise/shared/_error_messages.html.erb (Duration: 0.5ms | GC: 0.0ms)
  Rendered devise/registrations/new.html.erb within layouts/application (Duration: 2.0ms | GC: 0.0ms)
  Rendered layout layouts/application.html.erb (Duration: 2.7ms | GC: 0.0ms)
Completed 422 Unprocessable Content in 251ms (Views: 3.2ms | ActiveRecord: 3.2ms (1 query, 0 cached) | GC: 0.0ms)


Started GET "/users/sign_in" for ::1 at 2026-10-04 14:09:27 +0300
Processing by Devise::SessionsController#new as HTML
  Rendering layout layouts/application.html.erb
  Rendering devise/sessions/new.html.erb within layouts/application
  Rendered devise/sessions/new.html.erb within layouts/application (Duration: 5.0ms | GC: 0.0ms)
  Rendered layout layouts/application.html.erb (Duration: 6.0ms | GC: 0.0ms)
Completed 200 OK in 22ms (Views: 11.4ms | ActiveRecord: 0.0ms (0 queries, 0 cached) | GC: 0.0ms)


Started GET "/users/sign_in" for ::1 at 2026-10-04 14:09:30 +0300
Processing by Devise::SessionsController#new as HTML
  Rendering layout layouts/application.html.erb
  Rendering devise/sessions/new.html.erb within layouts/application
  Rendered devise/sessions/new.html.erb within layouts/application (Duration: 1.1ms | GC: 0.0ms)
  Rendered layout layouts/application.html.erb (Duration: 1.9ms | GC: 0.0ms)
Completed 200 OK in 12ms (Views: 2.5ms | ActiveRecord: 0.0ms (0 queries, 0 cached) | GC: 0.0ms)


Started POST "/users/sign_in" for ::1 at 2026-10-04 14:09:35 +0300
Processing by Devise::SessionsController#create as TURBO_STREAM
  Parameters: {"authenticity_token" => "[FILTERED]", "user" => {"email" => "[FILTERED]", "password" => "[FILTERED]", "remember_me" => "0"}, "commit" => "Войти"}
  [1m[36mUser Load (0.2ms)[0m  [1m[34mSELECT "users".* FROM "users" WHERE "users"."email" = 'dyatlowskaya.polina@yandex.ru' ORDER BY "users"."id" ASC LIMIT 1 /*action='create',application='ConfCalendar',controller='sessions'*/[0m
Completed 401 Unauthorized in 243ms (ActiveRecord: 0.2ms (1 query, 0 cached) | GC: 0.0ms)


Processing by Devise::SessionsController#new as TURBO_STREAM
  Parameters: {"authenticity_token" => "[FILTERED]", "user" => {"email" => "[FILTERED]", "password" => "[FILTERED]", "remember_me" => "0"}, "commit" => "Войти"}
  Rendering layout layouts/application.html.erb
  Rendering devise/sessions/new.html.erb within layouts/application
  Rendered devise/sessions/new.html.erb within layouts/application (Duration: 1.2ms | GC: 0.0ms)
  Rendered layout layouts/application.html.erb (Duration: 2.2ms | GC: 0.0ms)
Completed 200 OK in 243ms (Views: 3.0ms | ActiveRecord: 0.0ms (0 queries, 0 cached) | GC: 0.0ms)


Started POST "/users/sign_in" for ::1 at 2026-10-04 14:10:00 +0300
Processing by Devise::SessionsController#create as TURBO_STREAM
  Parameters: {"authenticity_token" => "[FILTERED]", "user" => {"email" => "[FILTERED]", "password" => "[FILTERED]", "remember_me" => "0"}, "commit" => "Войти"}
  [1m[36mUser Load (0.2ms)[0m  [1m[34mSELECT "users".* FROM "users" WHERE "users"."email" = 'pdatlovskaa@gmail.com' ORDER BY "users"."id" ASC LIMIT 1 /*action='create',application='ConfCalendar',controller='sessions'*/[0m
Completed 401 Unauthorized in 13ms (ActiveRecord: 0.2ms (1 query, 0 cached) | GC: 0.0ms)


Processing by Devise::SessionsController#new as TURBO_STREAM
  Parameters: {"authenticity_token" => "[FILTERED]", "user" => {"email" => "[FILTERED]", "password" => "[FILTERED]", "remember_me" => "0"}, "commit" => "Войти"}
  Rendering layout layouts/application.html.erb
  Rendering devise/sessions/new.html.erb within layouts/application
  Rendered devise/sessions/new.html.erb within layouts/application (Duration: 1.0ms | GC: 0.0ms)
  Rendered layout layouts/application.html.erb (Duration: 1.9ms | GC: 0.0ms)
Completed 200 OK in 244ms (Views: 2.6ms | ActiveRecord: 0.0ms (0 queries, 0 cached) | GC: 0.0ms)


Started GET "/users/sign_up" for ::1 at 2026-10-04 14:10:10 +0300
Processing by Devise::RegistrationsController#new as HTML
  Rendering layout layouts/application.html.erb
  Rendering devise/registrations/new.html.erb within layouts/application
  Rendered devise/shared/_error_messages.html.erb (Duration: 0.0ms | GC: 0.0ms)
  Rendered devise/registrations/new.html.erb within layouts/application (Duration: 1.2ms | GC: 0.0ms)
  Rendered layout layouts/application.html.erb (Duration: 2.0ms | GC: 0.0ms)
Completed 200 OK in 12ms (Views: 2.7ms | ActiveRecord: 0.0ms (0 queries, 0 cached) | GC: 0.0ms)


Started POST "/users" for ::1 at 2026-10-04 14:10:17 +0300
Processing by Devise::RegistrationsController#create as TURBO_STREAM
  Parameters: {"authenticity_token" => "[FILTERED]", "user" => {"email" => "[FILTERED]", "password" => "[FILTERED]", "password_confirmation" => "[FILTERED]"}, "commit" => "Зарегистрироваться"}
  [1m[36mTRANSACTION (0.1ms)[0m  [1m[35mBEGIN immediate TRANSACTION /*action='create',application='ConfCalendar',controller='registrations'*/[0m
  [1m[36mUser Exists? (3.5ms)[0m  [1m[34mSELECT 1 AS one FROM "users" WHERE "users"."email" = 'pdatlovskaa@gmail.com' LIMIT 1 /*action='create',application='ConfCalendar',controller='registrations'*/[0m
  [1m[36mTRANSACTION (0.0ms)[0m  [1m[31mROLLBACK TRANSACTION /*action='create',application='ConfCalendar',controller='registrations'*/[0m
  Rendering layout layouts/application.html.erb
  Rendering devise/registrations/new.html.erb within layouts/application
  Rendered devise/shared/_error_messages.html.erb (Duration: 0.6ms | GC: 0.0ms)
  Rendered devise/registrations/new.html.erb within layouts/application (Duration: 2.6ms | GC: 0.0ms)
  Rendered layout layouts/application.html.erb (Duration: 3.6ms | GC: 0.0ms)
Completed 422 Unprocessable Content in 260ms (Views: 4.1ms | ActiveRecord: 3.7ms (1 query, 0 cached) | GC: 0.0ms)


Started POST "/users" for ::1 at 2026-10-04 14:10:43 +0300
Processing by Devise::RegistrationsController#create as TURBO_STREAM
  Parameters: {"authenticity_token" => "[FILTERED]", "user" => {"email" => "[FILTERED]", "password" => "[FILTERED]", "password_confirmation" => "[FILTERED]"}, "commit" => "Зарегистрироваться"}
  [1m[36mTRANSACTION (0.1ms)[0m  [1m[35mBEGIN immediate TRANSACTION /*action='create',application='ConfCalendar',controller='registrations'*/[0m
  [1m[36mUser Exists? (3.4ms)[0m  [1m[34mSELECT 1 AS one FROM "users" WHERE "users"."email" = 'pdatlovskaa@gmail.com' LIMIT 1 /*action='create',application='ConfCalendar',controller='registrations'*/[0m
  [1m[36mTRANSACTION (0.0ms)[0m  [1m[31mROLLBACK TRANSACTION /*action='create',application='ConfCalendar',controller='registrations'*/[0m
  Rendering layout layouts/application.html.erb
  Rendering devise/registrations/new.html.erb within layouts/application
  Rendered devise/shared/_error_messages.html.erb (Duration: 0.4ms | GC: 0.0ms)
  Rendered devise/registrations/new.html.erb within layouts/application (Duration: 1.9ms | GC: 0.0ms)
  Rendered layout layouts/application.html.erb (Duration: 2.7ms | GC: 0.0ms)
Completed 422 Unprocessable Content in 252ms (Views: 3.2ms | ActiveRecord: 3.6ms (1 query, 0 cached) | GC: 0.0ms)


Using vips to process variants requires the libvips library. Please install libvips using the instructions on the libvips website.
Using vips to process variants requires the libvips library. Please install libvips using the instructions on the libvips website.
Started GET "/users/sign_up" for ::1 at 2026-10-04 14:12:43 +0300
  [1m[36mActiveRecord::SchemaMigration Load (0.2ms)[0m  [1m[34mSELECT "schema_migrations"."version" FROM "schema_migrations" ORDER BY "schema_migrations"."version" ASC /*application='ConfCalendar'*/[0m
Processing by Devise::RegistrationsController#new as HTML
  Rendering layout layouts/application.html.erb
  Rendering devise/registrations/new.html.erb within layouts/application
  Rendered devise/shared/_error_messages.html.erb (Duration: 0.5ms | GC: 0.0ms)
  Rendered devise/registrations/new.html.erb within layouts/application (Duration: 13.2ms | GC: 0.0ms)
  Rendered layout layouts/application.html.erb (Duration: 36.9ms | GC: 0.0ms)
Completed 200 OK in 423ms (Views: 359.1ms | ActiveRecord: 5.4ms (0 queries, 0 cached) | GC: 0.0ms)


Started POST "/users" for ::1 at 2026-10-04 14:13:02 +0300
Processing by Devise::RegistrationsController#create as TURBO_STREAM
  Parameters: {"authenticity_token" => "[FILTERED]", "user" => {"email" => "[FILTERED]", "password" => "[FILTERED]", "password_confirmation" => "[FILTERED]"}, "commit" => "Зарегистрироваться"}
  [1m[36mTRANSACTION (0.1ms)[0m  [1m[35mBEGIN immediate TRANSACTION /*action='create',application='ConfCalendar',controller='registrations'*/[0m
  [1m[36mUser Exists? (3.0ms)[0m  [1m[34mSELECT 1 AS one FROM "users" WHERE "users"."email" = 'dyatlowskaya.polina@yandex.ru' LIMIT 1 /*action='create',application='ConfCalendar',controller='registrations'*/[0m
  [1m[36mTRANSACTION (0.0ms)[0m  [1m[31mROLLBACK TRANSACTION /*action='create',application='ConfCalendar',controller='registrations'*/[0m
  Rendering layout layouts/application.html.erb
  Rendering devise/registrations/new.html.erb within layouts/application
  Rendered devise/shared/_error_messages.html.erb (Duration: 0.9ms | GC: 0.0ms)
  Rendered devise/registrations/new.html.erb within layouts/application (Duration: 2.4ms | GC: 0.0ms)
  Rendered layout layouts/application.html.erb (Duration: 3.2ms | GC: 0.0ms)
Completed 422 Unprocessable Content in 286ms (Views: 3.8ms | ActiveRecord: 3.2ms (1 query, 0 cached) | GC: 0.0ms)


Started POST "/users" for ::1 at 2026-10-04 14:14:01 +0300
Processing by Devise::RegistrationsController#create as TURBO_STREAM
  Parameters: {"authenticity_token" => "[FILTERED]", "user" => {"email" => "[FILTERED]", "password" => "[FILTERED]", "password_confirmation" => "[FILTERED]"}, "commit" => "Зарегистрироваться"}
  [1m[36mTRANSACTION (0.1ms)[0m  [1m[35mBEGIN immediate TRANSACTION /*action='create',application='ConfCalendar',controller='registrations'*/[0m
  [1m[36mUser Exists? (3.1ms)[0m  [1m[34mSELECT 1 AS one FROM "users" WHERE "users"."email" = 'pdatlovskaa@gmail.com' LIMIT 1 /*action='create',application='ConfCalendar',controller='registrations'*/[0m
  [1m[36mTRANSACTION (0.0ms)[0m  [1m[31mROLLBACK TRANSACTION /*action='create',application='ConfCalendar',controller='registrations'*/[0m
  Rendering layout layouts/application.html.erb
  Rendering devise/registrations/new.html.erb within layouts/application
  Rendered devise/shared/_error_messages.html.erb (Duration: 0.3ms | GC: 0.0ms)
  Rendered devise/registrations/new.html.erb within layouts/application (Duration: 1.8ms | GC: 0.0ms)
  Rendered layout layouts/application.html.erb (Duration: 3.0ms | GC: 0.0ms)
Completed 422 Unprocessable Content in 248ms (Views: 3.5ms | ActiveRecord: 3.3ms (1 query, 0 cached) | GC: 0.0ms)


Using vips to process variants requires the libvips library. Please install libvips using the instructions on the libvips website.
Using vips to process variants requires the libvips library. Please install libvips using the instructions on the libvips website.
Started GET "/users/sign_up" for ::1 at 2026-10-04 14:18:18 +0300
  [1m[36mActiveRecord::SchemaMigration Load (0.2ms)[0m  [1m[34mSELECT "schema_migrations"."version" FROM "schema_migrations" ORDER BY "schema_migrations"."version" ASC /*application='ConfCalendar'*/[0m
Processing by Devise::RegistrationsController#new as HTML
  Rendering layout layouts/application.html.erb
  Rendering devise/registrations/new.html.erb within layouts/application
  Rendered devise/shared/_error_messages.html.erb (Duration: 0.5ms | GC: 0.0ms)
  Rendered devise/registrations/new.html.erb within layouts/application (Duration: 11.6ms | GC: 0.0ms)
  Rendered layout layouts/application.html.erb (Duration: 33.4ms | GC: 0.0ms)
Completed 200 OK in 412ms (Views: 351.9ms | ActiveRecord: 5.2ms (0 queries, 0 cached) | GC: 0.0ms)


Started POST "/users" for ::1 at 2026-10-04 14:18:28 +0300
Processing by Devise::RegistrationsController#create as TURBO_STREAM
  Parameters: {"authenticity_token" => "[FILTERED]", "user" => {"email" => "[FILTERED]", "password" => "[FILTERED]", "password_confirmation" => "[FILTERED]"}, "commit" => "Зарегистрироваться"}
  [1m[36mTRANSACTION (0.1ms)[0m  [1m[35mBEGIN immediate TRANSACTION /*action='create',application='ConfCalendar',controller='registrations'*/[0m
  [1m[36mUser Exists? (3.2ms)[0m  [1m[34mSELECT 1 AS one FROM "users" WHERE "users"."email" = 'pdatlovskaa@gmail.com' LIMIT 1 /*action='create',application='ConfCalendar',controller='registrations'*/[0m
  [1m[36mCACHE User Exists? (0.0ms)[0m  [1m[34mSELECT 1 AS one FROM "users" WHERE "users"."email" = 'pdatlovskaa@gmail.com' LIMIT 1[0m
  [1m[36mTRANSACTION (0.1ms)[0m  [1m[31mROLLBACK TRANSACTION /*action='create',application='ConfCalendar',controller='registrations'*/[0m
  Rendering layout layouts/application.html.erb
  Rendering devise/registrations/new.html.erb within layouts/application
  Rendered devise/shared/_error_messages.html.erb (Duration: 0.5ms | GC: 0.0ms)
  Rendered devise/registrations/new.html.erb within layouts/application (Duration: 1.9ms | GC: 0.0ms)
  Rendered layout layouts/application.html.erb (Duration: 2.7ms | GC: 0.0ms)
Completed 422 Unprocessable Content in 286ms (Views: 3.3ms | ActiveRecord: 3.4ms (2 queries, 1 cached) | GC: 0.0ms)


Started POST "/users" for ::1 at 2026-10-04 14:19:28 +0300
Processing by Devise::RegistrationsController#create as TURBO_STREAM
  Parameters: {"authenticity_token" => "[FILTERED]", "user" => {"email" => "[FILTERED]", "password" => "[FILTERED]", "password_confirmation" => "[FILTERED]"}, "commit" => "Зарегистрироваться"}
  [1m[36mTRANSACTION (0.1ms)[0m  [1m[35mBEGIN immediate TRANSACTION /*action='create',application='ConfCalendar',controller='registrations'*/[0m
  [1m[36mUser Exists? (3.0ms)[0m  [1m[34mSELECT 1 AS one FROM "users" WHERE "users"."email" = 'dyatlowskaya.polina@yandex.ru' LIMIT 1 /*action='create',application='ConfCalendar',controller='registrations'*/[0m
  [1m[36mCACHE User Exists? (0.0ms)[0m  [1m[34mSELECT 1 AS one FROM "users" WHERE "users"."email" = 'dyatlowskaya.polina@yandex.ru' LIMIT 1[0m
  [1m[36mTRANSACTION (0.1ms)[0m  [1m[31mROLLBACK TRANSACTION /*action='create',application='ConfCalendar',controller='registrations'*/[0m
  Rendering layout layouts/application.html.erb
  Rendering devise/registrations/new.html.erb within layouts/application
  Rendered devise/shared/_error_messages.html.erb (Duration: 0.4ms | GC: 0.0ms)
  Rendered devise/registrations/new.html.erb within layouts/application (Duration: 2.0ms | GC: 0.0ms)
  Rendered layout layouts/application.html.erb (Duration: 2.8ms | GC: 0.0ms)
Completed 422 Unprocessable Content in 257ms (Views: 3.3ms | ActiveRecord: 3.2ms (2 queries, 1 cached) | GC: 0.0ms)


Using vips to process variants requires the libvips library. Please install libvips using the instructions on the libvips website.
Using vips to process variants requires the libvips library. Please install libvips using the instructions on the libvips website.
Started GET "/users/sign_up" for ::1 at 2026-10-04 14:22:05 +0300
  [1m[36mActiveRecord::SchemaMigration Load (0.2ms)[0m  [1m[34mSELECT "schema_migrations"."version" FROM "schema_migrations" ORDER BY "schema_migrations"."version" ASC /*application='ConfCalendar'*/[0m
Processing by Devise::RegistrationsController#new as HTML
  Rendering layout layouts/application.html.erb
  Rendering devise/registrations/new.html.erb within layouts/application
  Rendered devise/shared/_error_messages.html.erb (Duration: 0.5ms | GC: 0.0ms)
  Rendered devise/registrations/new.html.erb within layouts/application (Duration: 10.5ms | GC: 0.0ms)
  Rendered layout layouts/application.html.erb (Duration: 31.8ms | GC: 0.0ms)
Completed 200 OK in 397ms (Views: 333.5ms | ActiveRecord: 4.9ms (0 queries, 0 cached) | GC: 0.5ms)


Started POST "/users" for ::1 at 2026-10-04 14:22:12 +0300
Processing by Devise::RegistrationsController#create as TURBO_STREAM
  Parameters: {"authenticity_token" => "[FILTERED]", "user" => {"email" => "[FILTERED]", "password" => "[FILTERED]", "password_confirmation" => "[FILTERED]"}, "commit" => "Зарегистрироваться"}
  [1m[36mTRANSACTION (0.1ms)[0m  [1m[35mBEGIN immediate TRANSACTION /*action='create',application='ConfCalendar',controller='registrations'*/[0m
  [1m[36mUser Exists? (3.1ms)[0m  [1m[34mSELECT 1 AS one FROM "users" WHERE "users"."email" = 'pdatlovskaa@gmail.com' LIMIT 1 /*action='create',application='ConfCalendar',controller='registrations'*/[0m
  [1m[36mTRANSACTION (0.0ms)[0m  [1m[31mROLLBACK TRANSACTION /*action='create',application='ConfCalendar',controller='registrations'*/[0m
  Rendering layout layouts/application.html.erb
  Rendering devise/registrations/new.html.erb within layouts/application
  Rendered devise/shared/_error_messages.html.erb (Duration: 0.4ms | GC: 0.0ms)
  Rendered devise/registrations/new.html.erb within layouts/application (Duration: 1.7ms | GC: 0.0ms)
  Rendered layout layouts/application.html.erb (Duration: 2.6ms | GC: 0.0ms)
Completed 422 Unprocessable Content in 285ms (Views: 3.2ms | ActiveRecord: 3.3ms (1 query, 0 cached) | GC: 0.0ms)


Started POST "/users" for ::1 at 2026-10-04 14:22:35 +0300
Processing by Devise::RegistrationsController#create as TURBO_STREAM
  Parameters: {"authenticity_token" => "[FILTERED]", "user" => {"email" => "[FILTERED]", "password" => "[FILTERED]", "password_confirmation" => "[FILTERED]"}, "commit" => "Зарегистрироваться"}
  [1m[36mTRANSACTION (0.1ms)[0m  [1m[35mBEGIN immediate TRANSACTION /*action='create',application='ConfCalendar',controller='registrations'*/[0m
  [1m[36mUser Exists? (3.2ms)[0m  [1m[34mSELECT 1 AS one FROM "users" WHERE "users"."email" = 'dyatlowskaya.polina@yandex.ru' LIMIT 1 /*action='create',application='ConfCalendar',controller='registrations'*/[0m
  [1m[36mTRANSACTION (0.1ms)[0m  [1m[31mROLLBACK TRANSACTION /*action='create',application='ConfCalendar',controller='registrations'*/[0m
  Rendering layout layouts/application.html.erb
  Rendering devise/registrations/new.html.erb within layouts/application
  Rendered devise/shared/_error_messages.html.erb (Duration: 0.6ms | GC: 0.0ms)
  Rendered devise/registrations/new.html.erb within layouts/application (Duration: 2.3ms | GC: 0.0ms)
  Rendered layout layouts/application.html.erb (Duration: 3.1ms | GC: 0.0ms)
Completed 422 Unprocessable Content in 250ms (Views: 3.6ms | ActiveRecord: 3.4ms (1 query, 0 cached) | GC: 0.0ms)


Started GET "/users/sign_in" for ::1 at 2026-10-04 14:23:33 +0300
Processing by Devise::SessionsController#new as HTML
  Rendering layout layouts/application.html.erb
  Rendering devise/sessions/new.html.erb within layouts/application
  Rendered devise/sessions/new.html.erb within layouts/application (Duration: 4.3ms | GC: 0.0ms)
  Rendered layout layouts/application.html.erb (Duration: 5.2ms | GC: 0.0ms)
Completed 200 OK in 21ms (Views: 10.6ms | ActiveRecord: 0.0ms (0 queries, 0 cached) | GC: 0.0ms)


Started GET "/users/sign_in" for ::1 at 2026-10-04 14:23:34 +0300
Processing by Devise::SessionsController#new as HTML
  Rendering layout layouts/application.html.erb
  Rendering devise/sessions/new.html.erb within layouts/application
  Rendered devise/sessions/new.html.erb within layouts/application (Duration: 1.0ms | GC: 0.0ms)
  Rendered layout layouts/application.html.erb (Duration: 1.9ms | GC: 0.0ms)
Completed 200 OK in 13ms (Views: 2.4ms | ActiveRecord: 0.0ms (0 queries, 0 cached) | GC: 0.0ms)


Started POST "/users/sign_in" for ::1 at 2026-10-04 14:23:38 +0300
Processing by Devise::SessionsController#create as TURBO_STREAM
  Parameters: {"authenticity_token" => "[FILTERED]", "user" => {"email" => "[FILTERED]", "password" => "[FILTERED]", "remember_me" => "0"}, "commit" => "Войти"}
  [1m[36mUser Load (0.3ms)[0m  [1m[34mSELECT "users".* FROM "users" WHERE "users"."email" = 'dyatlowskaya.polina@yandex.ru' ORDER BY "users"."id" ASC LIMIT 1 /*action='create',application='ConfCalendar',controller='sessions'*/[0m
Completed 401 Unauthorized in 253ms (ActiveRecord: 0.3ms (1 query, 0 cached) | GC: 0.0ms)


Processing by Devise::SessionsController#new as TURBO_STREAM
  Parameters: {"authenticity_token" => "[FILTERED]", "user" => {"email" => "[FILTERED]", "password" => "[FILTERED]", "remember_me" => "0"}, "commit" => "Войти"}
  Rendering layout layouts/application.html.erb
  Rendering devise/sessions/new.html.erb within layouts/application
  Rendered devise/sessions/new.html.erb within layouts/application (Duration: 1.0ms | GC: 0.0ms)
  Rendered layout layouts/application.html.erb (Duration: 1.8ms | GC: 0.0ms)
Completed 200 OK in 248ms (Views: 2.5ms | ActiveRecord: 0.0ms (0 queries, 0 cached) | GC: 0.0ms)


Started POST "/users/sign_in" for ::1 at 2026-10-04 14:23:47 +0300
Processing by Devise::SessionsController#create as TURBO_STREAM
  Parameters: {"authenticity_token" => "[FILTERED]", "user" => {"email" => "[FILTERED]", "password" => "[FILTERED]", "remember_me" => "0"}, "commit" => "Войти"}
  [1m[36mUser Load (0.2ms)[0m  [1m[34mSELECT "users".* FROM "users" WHERE "users"."email" = 'pdatlovskaa@gmail.com' ORDER BY "users"."id" ASC LIMIT 1 /*action='create',application='ConfCalendar',controller='sessions'*/[0m
Completed 401 Unauthorized in 12ms (ActiveRecord: 0.2ms (1 query, 0 cached) | GC: 0.0ms)


Processing by Devise::SessionsController#new as TURBO_STREAM
  Parameters: {"authenticity_token" => "[FILTERED]", "user" => {"email" => "[FILTERED]", "password" => "[FILTERED]", "remember_me" => "0"}, "commit" => "Войти"}
  Rendering layout layouts/application.html.erb
  Rendering devise/sessions/new.html.erb within layouts/application
  Rendered devise/sessions/new.html.erb within layouts/application (Duration: 1.3ms | GC: 0.0ms)
  Rendered layout layouts/application.html.erb (Duration: 2.2ms | GC: 0.0ms)
Completed 200 OK in 250ms (Views: 3.0ms | ActiveRecord: 0.0ms (0 queries, 0 cached) | GC: 0.0ms)


Started GET "/users/sign_up" for ::1 at 2026-10-04 14:23:48 +0300
Processing by Devise::RegistrationsController#new as HTML
  Rendering layout layouts/application.html.erb
  Rendering devise/registrations/new.html.erb within layouts/application
  Rendered devise/shared/_error_messages.html.erb (Duration: 0.0ms | GC: 0.0ms)
  Rendered devise/registrations/new.html.erb within layouts/application (Duration: 1.4ms | GC: 0.0ms)
  Rendered layout layouts/application.html.erb (Duration: 2.3ms | GC: 0.0ms)
Completed 200 OK in 14ms (Views: 3.0ms | ActiveRecord: 0.0ms (0 queries, 0 cached) | GC: 0.0ms)


Started GET "/users/sign_up" for ::1 at 2026-10-04 14:23:49 +0300
Processing by Devise::RegistrationsController#new as HTML
  Rendering layout layouts/application.html.erb
  Rendering devise/registrations/new.html.erb within layouts/application
  Rendered devise/shared/_error_messages.html.erb (Duration: 0.0ms | GC: 0.0ms)
  Rendered devise/registrations/new.html.erb within layouts/application (Duration: 1.1ms | GC: 0.0ms)
  Rendered layout layouts/application.html.erb (Duration: 1.9ms | GC: 0.0ms)
Completed 200 OK in 12ms (Views: 2.5ms | ActiveRecord: 0.0ms (0 queries, 0 cached) | GC: 0.0ms)


Using vips to process variants requires the libvips library. Please install libvips using the instructions on the libvips website.
Using vips to process variants requires the libvips library. Please install libvips using the instructions on the libvips website.
Started GET "/users/sign_up" for ::1 at 2026-10-04 14:24:49 +0300
  [1m[36mActiveRecord::SchemaMigration Load (0.2ms)[0m  [1m[34mSELECT "schema_migrations"."version" FROM "schema_migrations" ORDER BY "schema_migrations"."version" ASC /*application='ConfCalendar'*/[0m
Processing by Devise::RegistrationsController#new as HTML
  Rendering layout layouts/application.html.erb
  Rendering devise/registrations/new.html.erb within layouts/application
  Rendered devise/shared/_error_messages.html.erb (Duration: 0.5ms | GC: 0.0ms)
  Rendered devise/registrations/new.html.erb within layouts/application (Duration: 11.7ms | GC: 0.0ms)
  Rendered layout layouts/application.html.erb (Duration: 32.8ms | GC: 0.0ms)
Completed 200 OK in 395ms (Views: 329.5ms | ActiveRecord: 5.5ms (0 queries, 0 cached) | GC: 0.0ms)


Started POST "/users" for ::1 at 2026-10-04 14:24:56 +0300
Processing by Devise::RegistrationsController#create as TURBO_STREAM
  Parameters: {"authenticity_token" => "[FILTERED]", "user" => {"email" => "[FILTERED]", "password" => "[FILTERED]", "password_confirmation" => "[FILTERED]"}, "commit" => "Зарегистрироваться"}
  [1m[36mTRANSACTION (0.1ms)[0m  [1m[35mBEGIN immediate TRANSACTION /*action='create',application='ConfCalendar',controller='registrations'*/[0m
  [1m[36mUser Exists? (3.1ms)[0m  [1m[34mSELECT 1 AS one FROM "users" WHERE "users"."email" = 'pdatlovskaa@gmail.com' LIMIT 1 /*action='create',application='ConfCalendar',controller='registrations'*/[0m
  [1m[36mTRANSACTION (0.1ms)[0m  [1m[31mROLLBACK TRANSACTION /*action='create',application='ConfCalendar',controller='registrations'*/[0m
  Rendering layout layouts/application.html.erb
  Rendering devise/registrations/new.html.erb within layouts/application
  Rendered devise/shared/_error_messages.html.erb (Duration: 0.3ms | GC: 0.0ms)
  Rendered devise/registrations/new.html.erb within layouts/application (Duration: 1.7ms | GC: 0.0ms)
  Rendered layout layouts/application.html.erb (Duration: 2.5ms | GC: 0.0ms)
Completed 422 Unprocessable Content in 285ms (Views: 3.1ms | ActiveRecord: 3.3ms (1 query, 0 cached) | GC: 0.0ms)


Started GET "/users/sign_in" for ::1 at 2026-10-04 14:25:10 +0300
Processing by Devise::SessionsController#new as HTML
  Rendering layout layouts/application.html.erb
  Rendering devise/sessions/new.html.erb within layouts/application
  Rendered devise/sessions/new.html.erb within layouts/application (Duration: 4.5ms | GC: 0.0ms)
  Rendered layout layouts/application.html.erb (Duration: 5.4ms | GC: 0.0ms)
Completed 200 OK in 20ms (Views: 10.7ms | ActiveRecord: 0.0ms (0 queries, 0 cached) | GC: 0.0ms)


Started GET "/users/sign_in" for ::1 at 2026-10-04 14:25:13 +0300
Processing by Devise::SessionsController#new as HTML
  Rendering layout layouts/application.html.erb
  Rendering devise/sessions/new.html.erb within layouts/application
  Rendered devise/sessions/new.html.erb within layouts/application (Duration: 1.1ms | GC: 0.0ms)
  Rendered layout layouts/application.html.erb (Duration: 1.9ms | GC: 0.0ms)
Completed 200 OK in 12ms (Views: 2.6ms | ActiveRecord: 0.0ms (0 queries, 0 cached) | GC: 0.0ms)


Started GET "/users/sign_up" for ::1 at 2026-10-04 14:25:15 +0300
Processing by Devise::RegistrationsController#new as HTML
  Rendering layout layouts/application.html.erb
  Rendering devise/registrations/new.html.erb within layouts/application
  Rendered devise/shared/_error_messages.html.erb (Duration: 0.0ms | GC: 0.0ms)
  Rendered devise/registrations/new.html.erb within layouts/application (Duration: 1.1ms | GC: 0.0ms)
  Rendered layout layouts/application.html.erb (Duration: 1.9ms | GC: 0.0ms)
Completed 200 OK in 11ms (Views: 2.6ms | ActiveRecord: 0.0ms (0 queries, 0 cached) | GC: 0.0ms)


Started GET "/users/sign_in" for ::1 at 2026-10-04 14:25:15 +0300
Processing by Devise::SessionsController#new as HTML
  Rendering layout layouts/application.html.erb
  Rendering devise/sessions/new.html.erb within layouts/application
  Rendered devise/sessions/new.html.erb within layouts/application (Duration: 1.0ms | GC: 0.0ms)
  Rendered layout layouts/application.html.erb (Duration: 1.9ms | GC: 0.0ms)
Completed 200 OK in 12ms (Views: 2.5ms | ActiveRecord: 0.0ms (0 queries, 0 cached) | GC: 0.0ms)


Started POST "/users" for ::1 at 2026-10-04 14:25:27 +0300
Processing by Devise::RegistrationsController#create as TURBO_STREAM
  Parameters: {"authenticity_token" => "[FILTERED]", "user" => {"email" => "[FILTERED]", "password" => "[FILTERED]", "password_confirmation" => "[FILTERED]"}, "commit" => "Зарегистрироваться"}
  [1m[36mTRANSACTION (0.2ms)[0m  [1m[35mBEGIN immediate TRANSACTION /*action='create',application='ConfCalendar',controller='registrations'*/[0m
  [1m[36mUser Exists? (3.3ms)[0m  [1m[34mSELECT 1 AS one FROM "users" WHERE "users"."email" = 'dyatlowskaya.polina@yandex.ru' LIMIT 1 /*action='create',application='ConfCalendar',controller='registrations'*/[0m
  [1m[36mTRANSACTION (0.0ms)[0m  [1m[31mROLLBACK TRANSACTION /*action='create',application='ConfCalendar',controller='registrations'*/[0m
  Rendering layout layouts/application.html.erb
  Rendering devise/registrations/new.html.erb within layouts/application
  Rendered devise/shared/_error_messages.html.erb (Duration: 0.8ms | GC: 0.0ms)
  Rendered devise/registrations/new.html.erb within layouts/application (Duration: 3.3ms | GC: 0.0ms)
  Rendered layout layouts/application.html.erb (Duration: 4.4ms | GC: 0.0ms)
Completed 422 Unprocessable Content in 252ms (Views: 4.9ms | ActiveRecord: 3.5ms (1 query, 0 cached) | GC: 0.0ms)


Started GET "/" for ::1 at 2026-10-04 14:31:10 +0300
Processing by PagesController#home as HTML
  Rendering layout layouts/application.html.erb
  Rendering pages/home.html.erb within layouts/application
  Rendered pages/home.html.erb within layouts/application (Duration: 0.6ms | GC: 0.0ms)
  Rendered layout layouts/application.html.erb (Duration: 2.2ms | GC: 0.0ms)
Completed 200 OK in 22ms (Views: 8.4ms | ActiveRecord: 0.0ms (0 queries, 0 cached) | GC: 0.0ms)


Started GET "/" for ::1 at 2026-10-04 14:31:16 +0300
Processing by PagesController#home as HTML
  Rendering layout layouts/application.html.erb
  Rendering pages/home.html.erb within layouts/application
  Rendered pages/home.html.erb within layouts/application (Duration: 0.0ms | GC: 0.0ms)
  Rendered layout layouts/application.html.erb (Duration: 1.3ms | GC: 0.0ms)
Completed 200 OK in 10ms (Views: 1.9ms | ActiveRecord: 0.0ms (0 queries, 0 cached) | GC: 0.0ms)


Started GET "/" for ::1 at 2026-10-04 14:31:17 +0300
Processing by PagesController#home as HTML
  Rendering layout layouts/application.html.erb
  Rendering pages/home.html.erb within layouts/application
  Rendered pages/home.html.erb within layouts/application (Duration: 0.0ms | GC: 0.0ms)
  Rendered layout layouts/application.html.erb (Duration: 1.4ms | GC: 0.0ms)
Completed 200 OK in 10ms (Views: 2.0ms | ActiveRecord: 0.0ms (0 queries, 0 cached) | GC: 0.0ms)


Started GET "/users/sign_in" for ::1 at 2026-10-04 14:31:19 +0300
Processing by Devise::SessionsController#new as HTML
  Rendering layout layouts/application.html.erb
  Rendering devise/sessions/new.html.erb within layouts/application
  Rendered devise/sessions/new.html.erb within layouts/application (Duration: 1.1ms | GC: 0.0ms)
  Rendered layout layouts/application.html.erb (Duration: 2.0ms | GC: 0.0ms)
Completed 200 OK in 11ms (Views: 2.7ms | ActiveRecord: 0.0ms (0 queries, 0 cached) | GC: 0.0ms)


Started POST "/users/sign_in" for ::1 at 2026-10-04 14:31:26 +0300
Processing by Devise::SessionsController#create as TURBO_STREAM
  Parameters: {"authenticity_token" => "[FILTERED]", "user" => {"email" => "[FILTERED]", "password" => "[FILTERED]", "remember_me" => "0"}, "commit" => "Войти"}
  [1m[36mUser Load (2.5ms)[0m  [1m[34mSELECT "users".* FROM "users" WHERE "users"."email" = 'dyatlowskaya.polina@yandex.ru' ORDER BY "users"."id" ASC LIMIT 1 /*action='create',application='ConfCalendar',controller='sessions'*/[0m
Completed 401 Unauthorized in 250ms (ActiveRecord: 2.5ms (1 query, 0 cached) | GC: 0.0ms)


Processing by Devise::SessionsController#new as TURBO_STREAM
  Parameters: {"authenticity_token" => "[FILTERED]", "user" => {"email" => "[FILTERED]", "password" => "[FILTERED]", "remember_me" => "0"}, "commit" => "Войти"}
  Rendering layout layouts/application.html.erb
  Rendering devise/sessions/new.html.erb within layouts/application
  Rendered devise/sessions/new.html.erb within layouts/application (Duration: 1.0ms | GC: 0.0ms)
  Rendered layout layouts/application.html.erb (Duration: 1.8ms | GC: 0.0ms)
Completed 200 OK in 238ms (Views: 2.4ms | ActiveRecord: 0.0ms (0 queries, 0 cached) | GC: 0.0ms)


Started POST "/users/sign_in" for ::1 at 2026-10-04 14:31:39 +0300
Processing by Devise::SessionsController#create as TURBO_STREAM
  Parameters: {"authenticity_token" => "[FILTERED]", "user" => {"email" => "[FILTERED]", "password" => "[FILTERED]", "remember_me" => "0"}, "commit" => "Войти"}
  [1m[36mUser Load (0.2ms)[0m  [1m[34mSELECT "users".* FROM "users" WHERE "users"."email" = 'dyatlowskaya.polina@yandex.ru' ORDER BY "users"."id" ASC LIMIT 1 /*action='create',application='ConfCalendar',controller='sessions'*/[0m
Redirected to http://localhost:5000/
Completed 303 See Other in 255ms (ActiveRecord: 0.2ms (1 query, 0 cached) | GC: 0.0ms)


Started GET "/" for ::1 at 2026-10-04 14:31:39 +0300
Processing by PagesController#home as TURBO_STREAM
  Rendering layout layouts/application.html.erb
  Rendering pages/home.html.erb within layouts/application
  Rendered pages/home.html.erb within layouts/application (Duration: 0.0ms | GC: 0.0ms)
  [1m[36mUser Load (0.2ms)[0m  [1m[34mSELECT "users".* FROM "users" WHERE "users"."id" = 1 ORDER BY "users"."id" ASC LIMIT 1 /*action='home',application='ConfCalendar',controller='pages'*/[0m
  ↳ app/views/layouts/application.html.erb:30
  Rendered layout layouts/application.html.erb (Duration: 3.5ms | GC: 0.0ms)
Completed 200 OK in 13ms (Views: 3.8ms | ActiveRecord: 0.2ms (1 query, 0 cached) | GC: 0.0ms)


Started DELETE "/users/sign_out" for ::1 at 2026-10-04 14:31:42 +0300
Processing by Devise::SessionsController#destroy as TURBO_STREAM
  Parameters: {"authenticity_token" => "[FILTERED]"}
  [1m[36mUser Load (0.2ms)[0m  [1m[34mSELECT "users".* FROM "users" WHERE "users"."id" = 1 ORDER BY "users"."id" ASC LIMIT 1 /*action='destroy',application='ConfCalendar',controller='sessions'*/[0m
Redirected to http://localhost:5000/
Completed 303 See Other in 128ms (ActiveRecord: 0.1ms (1 query, 0 cached) | GC: 0.0ms)


Started GET "/" for ::1 at 2026-10-04 14:31:42 +0300
Processing by PagesController#home as TURBO_STREAM
  Rendering layout layouts/application.html.erb
  Rendering pages/home.html.erb within layouts/application
  Rendered pages/home.html.erb within layouts/application (Duration: 0.1ms | GC: 0.0ms)
  Rendered layout layouts/application.html.erb (Duration: 1.4ms | GC: 0.0ms)
Completed 200 OK in 10ms (Views: 2.0ms | ActiveRecord: 0.0ms (0 queries, 0 cached) | GC: 0.0ms)


Started GET "/users/sign_up" for ::1 at 2026-10-04 14:31:42 +0300
Processing by Devise::RegistrationsController#new as HTML
  Rendering layout layouts/application.html.erb
  Rendering devise/registrations/new.html.erb within layouts/application
  Rendered devise/shared/_error_messages.html.erb (Duration: 0.0ms | GC: 0.0ms)
  Rendered devise/registrations/new.html.erb within layouts/application (Duration: 1.4ms | GC: 0.0ms)
  Rendered layout layouts/application.html.erb (Duration: 2.4ms | GC: 0.0ms)
Completed 200 OK in 12ms (Views: 3.1ms | ActiveRecord: 0.0ms (0 queries, 0 cached) | GC: 0.0ms)


Started POST "/users" for ::1 at 2026-10-04 14:32:09 +0300
Processing by Devise::RegistrationsController#create as TURBO_STREAM
  Parameters: {"authenticity_token" => "[FILTERED]", "user" => {"email" => "[FILTERED]", "password" => "[FILTERED]", "password_confirmation" => "[FILTERED]"}, "commit" => "Зарегистрироваться"}
  [1m[36mTRANSACTION (0.1ms)[0m  [1m[35mBEGIN immediate TRANSACTION /*action='create',application='ConfCalendar',controller='registrations'*/[0m
  [1m[36mUser Exists? (3.1ms)[0m  [1m[34mSELECT 1 AS one FROM "users" WHERE "users"."email" = 'dyatlowskaya.polina@yandex.ru' LIMIT 1 /*action='create',application='ConfCalendar',controller='registrations'*/[0m
  [1m[36mTRANSACTION (0.0ms)[0m  [1m[31mROLLBACK TRANSACTION /*action='create',application='ConfCalendar',controller='registrations'*/[0m
  Rendering layout layouts/application.html.erb
  Rendering devise/registrations/new.html.erb within layouts/application
  Rendered devise/shared/_error_messages.html.erb (Duration: 0.3ms | GC: 0.0ms)
  Rendered devise/registrations/new.html.erb within layouts/application (Duration: 2.0ms | GC: 0.0ms)
  Rendered layout layouts/application.html.erb (Duration: 2.9ms | GC: 0.0ms)
Completed 422 Unprocessable Content in 251ms (Views: 3.4ms | ActiveRecord: 3.3ms (1 query, 0 cached) | GC: 0.0ms)


Started POST "/users" for ::1 at 2026-10-04 14:32:24 +0300
Processing by Devise::RegistrationsController#create as TURBO_STREAM
  Parameters: {"authenticity_token" => "[FILTERED]", "user" => {"email" => "[FILTERED]", "password" => "[FILTERED]", "password_confirmation" => "[FILTERED]"}, "commit" => "Зарегистрироваться"}
  [1m[36mTRANSACTION (0.1ms)[0m  [1m[35mBEGIN immediate TRANSACTION /*action='create',application='ConfCalendar',controller='registrations'*/[0m
  [1m[36mUser Exists? (3.1ms)[0m  [1m[34mSELECT 1 AS one FROM "users" WHERE "users"."email" = 'pdatlovskaa@gmail.com' LIMIT 1 /*action='create',application='ConfCalendar',controller='registrations'*/[0m
  [1m[36mTRANSACTION (0.1ms)[0m  [1m[31mROLLBACK TRANSACTION /*action='create',application='ConfCalendar',controller='registrations'*/[0m
  Rendering layout layouts/application.html.erb
  Rendering devise/registrations/new.html.erb within layouts/application
  Rendered devise/shared/_error_messages.html.erb (Duration: 0.5ms | GC: 0.0ms)
  Rendered devise/registrations/new.html.erb within layouts/application (Duration: 2.7ms | GC: 0.0ms)
  Rendered layout layouts/application.html.erb (Duration: 3.7ms | GC: 0.0ms)
Completed 422 Unprocessable Content in 253ms (Views: 4.3ms | ActiveRecord: 3.3ms (1 query, 0 cached) | GC: 0.0ms)


Started POST "/users" for ::1 at 2026-10-04 14:32:33 +0300
Processing by Devise::RegistrationsController#create as TURBO_STREAM
  Parameters: {"authenticity_token" => "[FILTERED]", "user" => {"email" => "[FILTERED]", "password" => "[FILTERED]", "password_confirmation" => "[FILTERED]"}, "commit" => "Зарегистрироваться"}
  [1m[36mTRANSACTION (0.1ms)[0m  [1m[35mBEGIN immediate TRANSACTION /*action='create',application='ConfCalendar',controller='registrations'*/[0m
  [1m[36mUser Exists? (3.1ms)[0m  [1m[34mSELECT 1 AS one FROM "users" WHERE "users"."email" = 'pdatlovskaa@gmail.com' LIMIT 1 /*action='create',application='ConfCalendar',controller='registrations'*/[0m
  [1m[36mTRANSACTION (0.1ms)[0m  [1m[31mROLLBACK TRANSACTION /*action='create',application='ConfCalendar',controller='registrations'*/[0m
  Rendering layout layouts/application.html.erb
  Rendering devise/registrations/new.html.erb within layouts/application
  Rendered devise/shared/_error_messages.html.erb (Duration: 0.2ms | GC: 0.0ms)
  Rendered devise/registrations/new.html.erb within layouts/application (Duration: 1.5ms | GC: 0.0ms)
  Rendered layout layouts/application.html.erb (Duration: 2.5ms | GC: 0.0ms)
Completed 422 Unprocessable Content in 252ms (Views: 3.1ms | ActiveRecord: 3.3ms (1 query, 0 cached) | GC: 0.0ms)


Using vips to process variants requires the libvips library. Please install libvips using the instructions on the libvips website.
Using vips to process variants requires the libvips library. Please install libvips using the instructions on the libvips website.
Using vips to process variants requires the libvips library. Please install libvips using the instructions on the libvips website.
Started GET "/users/sign_up" for ::1 at 2026-10-05 07:51:03 +0300
  [1m[36mActiveRecord::SchemaMigration Load (0.2ms)[0m  [1m[34mSELECT "schema_migrations"."version" FROM "schema_migrations" ORDER BY "schema_migrations"."version" ASC /*application='ConfCalendar'*/[0m
Processing by Devise::RegistrationsController#new as HTML
  Rendering layout layouts/application.html.erb
  Rendering devise/registrations/new.html.erb within layouts/application
  Rendered devise/shared/_error_messages.html.erb (Duration: 0.4ms | GC: 0.0ms)
  Rendered devise/registrations/new.html.erb within layouts/application (Duration: 81.0ms | GC: 0.0ms)
  Rendered layout layouts/application.html.erb (Duration: 188.2ms | GC: 0.0ms)
Completed 200 OK in 4586ms (Views: 4126.7ms | ActiveRecord: 4.6ms (0 queries, 0 cached) | GC: 0.2ms)


Started GET "/ui_kit" for ::1 at 2026-10-05 07:51:21 +0300
Processing by UiKitController#index as HTML
  Rendering layout layouts/application.html.erb
  Rendering ui_kit/index.html.erb within layouts/application
  Rendered ui_kit/index.html.erb within layouts/application (Duration: 0.5ms | GC: 0.0ms)
  Rendered layout layouts/application.html.erb (Duration: 2.0ms | GC: 0.0ms)
Completed 200 OK in 19ms (Views: 7.4ms | ActiveRecord: 0.0ms (0 queries, 0 cached) | GC: 0.0ms)


Using vips to process variants requires the libvips library. Please install libvips using the instructions on the libvips website.
Using vips to process variants requires the libvips library. Please install libvips using the instructions on the libvips website.
  [1m[36mActiveRecord::InternalMetadata Load (0.4ms)[0m  [1m[34mSELECT * FROM "ar_internal_metadata" WHERE "ar_internal_metadata"."key" = 'environment' ORDER BY "ar_internal_metadata"."key" ASC LIMIT 1 /*application='ConfCalendar'*/[0m
  [1m[36mActiveRecord::SchemaMigration Load (0.1ms)[0m  [1m[34mSELECT "schema_migrations"."version" FROM "schema_migrations" ORDER BY "schema_migrations"."version" ASC /*application='ConfCalendar'*/[0m
Migrating to CreateConferences (20261005050454)
  [1m[36mTRANSACTION (0.1ms)[0m  [1m[35mBEGIN immediate TRANSACTION /*application='ConfCalendar'*/[0m
  [1m[35m (3.7ms)[0m  [1m[35mCREATE TABLE "conferences" ("id" integer PRIMARY KEY AUTOINCREMENT NOT NULL, "title" varchar, "description" text, "start_date" date, "end_date" date, "submission_deadline" date, "location" varchar, "website_url" varchar, "is_scopus" boolean, "is_elibrary" boolean, "status" integer, "created_at" datetime(6) NOT NULL, "updated_at" datetime(6) NOT NULL) /*application='ConfCalendar'*/[0m
  [1m[36mActiveRecord::SchemaMigration Create (0.1ms)[0m  [1m[32mINSERT INTO "schema_migrations" ("version") VALUES ('20261005050454') RETURNING "version" /*application='ConfCalendar'*/[0m
  [1m[36mTRANSACTION (2.8ms)[0m  [1m[35mCOMMIT TRANSACTION /*application='ConfCalendar'*/[0m
  [1m[36mActiveRecord::SchemaMigration Load (0.1ms)[0m  [1m[34mSELECT "schema_migrations"."version" FROM "schema_migrations" ORDER BY "schema_migrations"."version" ASC /*application='ConfCalendar'*/[0m
Using vips to process variants requires the libvips library. Please install libvips using the instructions on the libvips website.
  [1m[36mActiveRecord::SchemaMigration Load (0.2ms)[0m  [1m[34mSELECT "schema_migrations"."version" FROM "schema_migrations" ORDER BY "schema_migrations"."version" ASC /*application='ConfCalendar'*/[0m
  [1m[36mConference Load (0.3ms)[0m  [1m[34mSELECT "conferences".* FROM "conferences" /*application='ConfCalendar'*/[0m
  [1m[36mTRANSACTION (0.1ms)[0m  [1m[35mBEGIN immediate TRANSACTION /*application='ConfCalendar'*/[0m
  [1m[36mConference Create (2.4ms)[0m  [1m[32mINSERT INTO "conferences" ("title", "description", "start_date", "end_date", "submission_deadline", "location", "website_url", "is_scopus", "is_elibrary", "status", "created_at", "updated_at") VALUES ('International Conference on Software Engineering & AI 2026', 'Международная научно-практическая конференция, посвящённая современным методам искусственного интеллекта и программной инженерии.', '2026-12-12', '2026-12-14', '2026-11-15', 'Москва, Россия', 'https://example.com/icseai2026', TRUE, TRUE, 1, '2026-10-05 05:06:08.502281', '2026-10-05 05:06:08.502281') RETURNING "id" /*application='ConfCalendar'*/[0m
  [1m[36mTRANSACTION (2.5ms)[0m  [1m[35mCOMMIT TRANSACTION /*application='ConfCalendar'*/[0m
  [1m[36mTRANSACTION (0.1ms)[0m  [1m[35mBEGIN immediate TRANSACTION /*application='ConfCalendar'*/[0m
  [1m[36mConference Create (3.1ms)[0m  [1m[32mINSERT INTO "conferences" ("title", "description", "start_date", "end_date", "submission_deadline", "location", "website_url", "is_scopus", "is_elibrary", "status", "created_at", "updated_at") VALUES ('Всероссийский симпозиум по высокопроизводительным вычислениям', 'Обсуждение актуальных вопросов суперкомпьютерных технологий, параллельного программирования и обработки больших данных.', '2026-10-20', '2026-10-22', '2026-10-10', 'Санкт-Петербург, Россия', 'https://example.com/hpc2026', FALSE, TRUE, 1, '2026-10-05 05:06:08.527753', '2026-10-05 05:06:08.527753') RETURNING "id" /*application='ConfCalendar'*/[0m
  [1m[36mTRANSACTION (0.2ms)[0m  [1m[35mCOMMIT TRANSACTION /*application='ConfCalendar'*/[0m
  [1m[36mTRANSACTION (0.1ms)[0m  [1m[35mBEGIN immediate TRANSACTION /*application='ConfCalendar'*/[0m
  [1m[36mConference Create (2.3ms)[0m  [1m[32mINSERT INTO "conferences" ("title", "description", "start_date", "end_date", "submission_deadline", "location", "website_url", "is_scopus", "is_elibrary", "status", "created_at", "updated_at") VALUES ('Конференция по кибербезопасности и сетевым технологиям', 'Ежегодный форум исследователей и практиков в сфере информационной безопасности, криптографии и защиты данных.', '2026-11-05', '2026-11-07', '2026-10-25', 'Казань, Россия', 'https://example.com/cybersec2026', TRUE, FALSE, 1, '2026-10-05 05:06:08.535662', '2026-10-05 05:06:08.535662') RETURNING "id" /*application='ConfCalendar'*/[0m
  [1m[36mTRANSACTION (0.1ms)[0m  [1m[35mCOMMIT TRANSACTION /*application='ConfCalendar'*/[0m
  [1m[36mConference Count (0.6ms)[0m  [1m[34mSELECT COUNT(*) FROM "conferences" /*application='ConfCalendar'*/[0m
Using vips to process variants requires the libvips library. Please install libvips using the instructions on the libvips website.
Using vips to process variants requires the libvips library. Please install libvips using the instructions on the libvips website.
Started GET "/users/sign_up" for ::1 at 2026-10-05 08:07:41 +0300
  [1m[36mActiveRecord::SchemaMigration Load (0.2ms)[0m  [1m[34mSELECT "schema_migrations"."version" FROM "schema_migrations" ORDER BY "schema_migrations"."version" ASC /*application='ConfCalendar'*/[0m
Processing by Devise::RegistrationsController#new as HTML
  Rendering layout layouts/application.html.erb
  Rendering devise/registrations/new.html.erb within layouts/application
  Rendered devise/shared/_error_messages.html.erb (Duration: 0.5ms | GC: 0.0ms)
  Rendered devise/registrations/new.html.erb within layouts/application (Duration: 11.8ms | GC: 0.0ms)
  Rendered shared/_navbar.html.erb (Duration: 1.0ms | GC: 0.0ms)
  Rendered layout layouts/application.html.erb (Duration: 24.1ms | GC: 0.0ms)
Completed 200 OK in 433ms (Views: 321.6ms | ActiveRecord: 8.3ms (0 queries, 0 cached) | GC: 0.2ms)


Started GET "/users/sign_up" for ::1 at 2026-10-05 08:07:44 +0300
Processing by Devise::RegistrationsController#new as HTML
  Rendering layout layouts/application.html.erb
  Rendering devise/registrations/new.html.erb within layouts/application
  Rendered devise/shared/_error_messages.html.erb (Duration: 0.0ms | GC: 0.0ms)
  Rendered devise/registrations/new.html.erb within layouts/application (Duration: 1.3ms | GC: 0.0ms)
  Rendered shared/_navbar.html.erb (Duration: 0.3ms | GC: 0.0ms)
  Rendered layout layouts/application.html.erb (Duration: 2.5ms | GC: 0.0ms)
Completed 200 OK in 14ms (Views: 3.2ms | ActiveRecord: 0.0ms (0 queries, 0 cached) | GC: 0.0ms)


Started GET "/" for ::1 at 2026-10-05 08:07:46 +0300
Processing by PagesController#home as HTML
  Rendering layout layouts/application.html.erb
  Rendering pages/home.html.erb within layouts/application
  [1m[36mConference Count (0.2ms)[0m  [1m[34mSELECT COUNT(*) FROM "conferences" WHERE "conferences"."status" = 1 AND (submission_deadline >= '2026-10-05') /*action='home',application='ConfCalendar',controller='pages'*/[0m
  ↳ app/views/pages/home.html.erb:5
  [1m[36mConference Exists? (0.1ms)[0m  [1m[34mSELECT 1 AS one FROM "conferences" WHERE "conferences"."status" = 1 AND (submission_deadline >= '2026-10-05') LIMIT 1 /*action='home',application='ConfCalendar',controller='pages'*/[0m
  ↳ app/views/pages/home.html.erb:9
  [1m[36mConference Load (0.2ms)[0m  [1m[34mSELECT "conferences".* FROM "conferences" WHERE "conferences"."status" = 1 AND (submission_deadline >= '2026-10-05') ORDER BY "conferences"."submission_deadline" ASC /*action='home',application='ConfCalendar',controller='pages'*/[0m
  ↳ app/views/pages/home.html.erb:10
  Rendered collection of components/_conference_card.html.erb [3 times] (Duration: 2.0ms | GC: 0.0ms)
  Rendered pages/home.html.erb within layouts/application (Duration: 19.7ms | GC: 0.0ms)
  Rendered shared/_navbar.html.erb (Duration: 0.4ms | GC: 0.0ms)
  Rendered layout layouts/application.html.erb (Duration: 21.3ms | GC: 0.0ms)
Completed 200 OK in 72ms (Views: 26.4ms | ActiveRecord: 1.0ms (3 queries, 0 cached) | GC: 0.0ms)


Started GET "/" for ::1 at 2026-10-05 08:07:51 +0300
Processing by PagesController#home as HTML
  Rendering layout layouts/application.html.erb
  Rendering pages/home.html.erb within layouts/application
  [1m[36mConference Count (0.2ms)[0m  [1m[34mSELECT COUNT(*) FROM "conferences" WHERE "conferences"."status" = 1 AND (submission_deadline >= '2026-10-05') /*action='home',application='ConfCalendar',controller='pages'*/[0m
  ↳ app/views/pages/home.html.erb:5
  [1m[36mConference Exists? (0.1ms)[0m  [1m[34mSELECT 1 AS one FROM "conferences" WHERE "conferences"."status" = 1 AND (submission_deadline >= '2026-10-05') LIMIT 1 /*action='home',application='ConfCalendar',controller='pages'*/[0m
  ↳ app/views/pages/home.html.erb:9
  [1m[36mConference Load (0.1ms)[0m  [1m[34mSELECT "conferences".* FROM "conferences" WHERE "conferences"."status" = 1 AND (submission_deadline >= '2026-10-05') ORDER BY "conferences"."submission_deadline" ASC /*action='home',application='ConfCalendar',controller='pages'*/[0m
  ↳ app/views/pages/home.html.erb:10
  Rendered collection of components/_conference_card.html.erb [3 times] (Duration: 0.6ms | GC: 0.0ms)
  Rendered pages/home.html.erb within layouts/application (Duration: 4.7ms | GC: 0.0ms)
  Rendered shared/_navbar.html.erb (Duration: 0.4ms | GC: 0.0ms)
  Rendered layout layouts/application.html.erb (Duration: 6.1ms | GC: 0.0ms)
Completed 200 OK in 15ms (Views: 6.3ms | ActiveRecord: 0.3ms (3 queries, 0 cached) | GC: 0.0ms)


Started GET "/" for ::1 at 2026-10-05 08:08:02 +0300
Processing by PagesController#home as HTML
  Rendering layout layouts/application.html.erb
  Rendering pages/home.html.erb within layouts/application
  [1m[36mConference Count (0.2ms)[0m  [1m[34mSELECT COUNT(*) FROM "conferences" WHERE "conferences"."status" = 1 AND (submission_deadline >= '2026-10-05') /*action='home',application='ConfCalendar',controller='pages'*/[0m
  ↳ app/views/pages/home.html.erb:5
  [1m[36mConference Exists? (0.1ms)[0m  [1m[34mSELECT 1 AS one FROM "conferences" WHERE "conferences"."status" = 1 AND (submission_deadline >= '2026-10-05') LIMIT 1 /*action='home',application='ConfCalendar',controller='pages'*/[0m
  ↳ app/views/pages/home.html.erb:9
  [1m[36mConference Load (0.1ms)[0m  [1m[34mSELECT "conferences".* FROM "conferences" WHERE "conferences"."status" = 1 AND (submission_deadline >= '2026-10-05') ORDER BY "conferences"."submission_deadline" ASC /*action='home',application='ConfCalendar',controller='pages'*/[0m
  ↳ app/views/pages/home.html.erb:10
  Rendered collection of components/_conference_card.html.erb [3 times] (Duration: 0.6ms | GC: 0.0ms)
  Rendered pages/home.html.erb within layouts/application (Duration: 4.7ms | GC: 0.0ms)
  Rendered shared/_navbar.html.erb (Duration: 0.4ms | GC: 0.0ms)
  Rendered layout layouts/application.html.erb (Duration: 6.4ms | GC: 0.0ms)
Completed 200 OK in 16ms (Views: 6.6ms | ActiveRecord: 0.3ms (3 queries, 0 cached) | GC: 0.0ms)


Started GET "/" for ::1 at 2026-10-05 08:08:02 +0300
Processing by PagesController#home as HTML
  Rendering layout layouts/application.html.erb
  Rendering pages/home.html.erb within layouts/application
  [1m[36mConference Count (0.2ms)[0m  [1m[34mSELECT COUNT(*) FROM "conferences" WHERE "conferences"."status" = 1 AND (submission_deadline >= '2026-10-05') /*action='home',application='ConfCalendar',controller='pages'*/[0m
  ↳ app/views/pages/home.html.erb:5
  [1m[36mConference Exists? (0.1ms)[0m  [1m[34mSELECT 1 AS one FROM "conferences" WHERE "conferences"."status" = 1 AND (submission_deadline >= '2026-10-05') LIMIT 1 /*action='home',application='ConfCalendar',controller='pages'*/[0m
  ↳ app/views/pages/home.html.erb:9
  [1m[36mConference Load (0.2ms)[0m  [1m[34mSELECT "conferences".* FROM "conferences" WHERE "conferences"."status" = 1 AND (submission_deadline >= '2026-10-05') ORDER BY "conferences"."submission_deadline" ASC /*action='home',application='ConfCalendar',controller='pages'*/[0m
  ↳ app/views/pages/home.html.erb:10
  Rendered collection of components/_conference_card.html.erb [3 times] (Duration: 0.9ms | GC: 0.0ms)
  Rendered pages/home.html.erb within layouts/application (Duration: 6.6ms | GC: 0.0ms)
  Rendered shared/_navbar.html.erb (Duration: 0.4ms | GC: 0.0ms)
  Rendered layout layouts/application.html.erb (Duration: 8.2ms | GC: 0.0ms)
Completed 200 OK in 18ms (Views: 8.4ms | ActiveRecord: 0.4ms (3 queries, 0 cached) | GC: 0.0ms)


Started GET "/users/sign_in" for ::1 at 2026-10-05 08:08:03 +0300
Processing by Devise::SessionsController#new as HTML
  Rendering layout layouts/application.html.erb
  Rendering devise/sessions/new.html.erb within layouts/application
  Rendered devise/sessions/new.html.erb within layouts/application (Duration: 30.5ms | GC: 0.0ms)
  Rendered shared/_navbar.html.erb (Duration: 0.3ms | GC: 0.0ms)
  Rendered layout layouts/application.html.erb (Duration: 31.7ms | GC: 0.0ms)
Completed 200 OK in 62ms (Views: 37.0ms | ActiveRecord: 0.0ms (0 queries, 0 cached) | GC: 0.0ms)


Started POST "/users/sign_in" for ::1 at 2026-10-05 08:08:08 +0300
Processing by Devise::SessionsController#create as TURBO_STREAM
  Parameters: {"authenticity_token" => "[FILTERED]", "user" => {"email" => "[FILTERED]", "password" => "[FILTERED]", "remember_me" => "0"}, "commit" => "Войти"}
  [1m[36mUser Load (0.2ms)[0m  [1m[34mSELECT "users".* FROM "users" WHERE "users"."email" = 'dyatlowskaya.polina@yandex.ru' ORDER BY "users"."id" ASC LIMIT 1 /*action='create',application='ConfCalendar',controller='sessions'*/[0m
Completed 401 Unauthorized in 352ms (ActiveRecord: 0.2ms (1 query, 0 cached) | GC: 0.0ms)


Processing by Devise::SessionsController#new as TURBO_STREAM
  Parameters: {"authenticity_token" => "[FILTERED]", "user" => {"email" => "[FILTERED]", "password" => "[FILTERED]", "remember_me" => "0"}, "commit" => "Войти"}
  Rendering layout layouts/application.html.erb
  Rendering devise/sessions/new.html.erb within layouts/application
  Rendered devise/sessions/new.html.erb within layouts/application (Duration: 1.1ms | GC: 0.0ms)
  Rendered shared/_navbar.html.erb (Duration: 0.2ms | GC: 0.0ms)
  Rendered layout layouts/application.html.erb (Duration: 2.2ms | GC: 0.0ms)
Completed 200 OK in 245ms (Views: 2.9ms | ActiveRecord: 0.0ms (0 queries, 0 cached) | GC: 0.0ms)


Started POST "/users/sign_in" for ::1 at 2026-10-05 08:08:21 +0300
Processing by Devise::SessionsController#create as TURBO_STREAM
  Parameters: {"authenticity_token" => "[FILTERED]", "user" => {"email" => "[FILTERED]", "password" => "[FILTERED]", "remember_me" => "0"}, "commit" => "Войти"}
  [1m[36mUser Load (0.2ms)[0m  [1m[34mSELECT "users".* FROM "users" WHERE "users"."email" = 'dyatlowskaya.polina@yandex.ru' ORDER BY "users"."id" ASC LIMIT 1 /*action='create',application='ConfCalendar',controller='sessions'*/[0m
Redirected to http://localhost:5000/
Completed 303 See Other in 277ms (ActiveRecord: 0.2ms (1 query, 0 cached) | GC: 0.0ms)


Started GET "/" for ::1 at 2026-10-05 08:08:21 +0300
Processing by PagesController#home as TURBO_STREAM
  Rendering layout layouts/application.html.erb
  Rendering pages/home.html.erb within layouts/application
  [1m[36mConference Count (0.2ms)[0m  [1m[34mSELECT COUNT(*) FROM "conferences" WHERE "conferences"."status" = 1 AND (submission_deadline >= '2026-10-05') /*action='home',application='ConfCalendar',controller='pages'*/[0m
  ↳ app/views/pages/home.html.erb:5
  [1m[36mConference Exists? (0.2ms)[0m  [1m[34mSELECT 1 AS one FROM "conferences" WHERE "conferences"."status" = 1 AND (submission_deadline >= '2026-10-05') LIMIT 1 /*action='home',application='ConfCalendar',controller='pages'*/[0m
  ↳ app/views/pages/home.html.erb:9
  [1m[36mConference Load (0.2ms)[0m  [1m[34mSELECT "conferences".* FROM "conferences" WHERE "conferences"."status" = 1 AND (submission_deadline >= '2026-10-05') ORDER BY "conferences"."submission_deadline" ASC /*action='home',application='ConfCalendar',controller='pages'*/[0m
  ↳ app/views/pages/home.html.erb:10
  Rendered collection of components/_conference_card.html.erb [3 times] (Duration: 1.0ms | GC: 0.0ms)
  Rendered pages/home.html.erb within layouts/application (Duration: 8.3ms | GC: 0.0ms)
  [1m[36mUser Load (0.2ms)[0m  [1m[34mSELECT "users".* FROM "users" WHERE "users"."id" = 1 ORDER BY "users"."id" ASC LIMIT 1 /*action='home',application='ConfCalendar',controller='pages'*/[0m
  ↳ app/views/shared/_navbar.html.erb:25
  Rendered shared/_navbar.html.erb (Duration: 3.5ms | GC: 0.0ms)
  Rendered layout layouts/application.html.erb (Duration: 13.4ms | GC: 0.0ms)
Completed 200 OK in 24ms (Views: 13.4ms | ActiveRecord: 0.8ms (4 queries, 0 cached) | GC: 0.0ms)


Started DELETE "/users/sign_out" for ::1 at 2026-10-05 08:08:28 +0300
Processing by Devise::SessionsController#destroy as TURBO_STREAM
  Parameters: {"authenticity_token" => "[FILTERED]"}
  [1m[36mUser Load (0.2ms)[0m  [1m[34mSELECT "users".* FROM "users" WHERE "users"."id" = 1 ORDER BY "users"."id" ASC LIMIT 1 /*action='destroy',application='ConfCalendar',controller='sessions'*/[0m
Redirected to http://localhost:5000/
Completed 303 See Other in 47ms (ActiveRecord: 0.2ms (1 query, 0 cached) | GC: 0.0ms)


Started GET "/" for ::1 at 2026-10-05 08:08:28 +0300
Processing by PagesController#home as TURBO_STREAM
  Rendering layout layouts/application.html.erb
  Rendering pages/home.html.erb within layouts/application
  [1m[36mConference Count (0.1ms)[0m  [1m[34mSELECT COUNT(*) FROM "conferences" WHERE "conferences"."status" = 1 AND (submission_deadline >= '2026-10-05') /*action='home',application='ConfCalendar',controller='pages'*/[0m
  ↳ app/views/pages/home.html.erb:5
  [1m[36mConference Exists? (0.1ms)[0m  [1m[34mSELECT 1 AS one FROM "conferences" WHERE "conferences"."status" = 1 AND (submission_deadline >= '2026-10-05') LIMIT 1 /*action='home',application='ConfCalendar',controller='pages'*/[0m
  ↳ app/views/pages/home.html.erb:9
  [1m[36mConference Load (0.1ms)[0m  [1m[34mSELECT "conferences".* FROM "conferences" WHERE "conferences"."status" = 1 AND (submission_deadline >= '2026-10-05') ORDER BY "conferences"."submission_deadline" ASC /*action='home',application='ConfCalendar',controller='pages'*/[0m
  ↳ app/views/pages/home.html.erb:10
  Rendered collection of components/_conference_card.html.erb [3 times] (Duration: 0.6ms | GC: 0.0ms)
  Rendered pages/home.html.erb within layouts/application (Duration: 4.7ms | GC: 0.0ms)
  Rendered shared/_navbar.html.erb (Duration: 0.7ms | GC: 0.0ms)
  Rendered layout layouts/application.html.erb (Duration: 6.7ms | GC: 0.0ms)
Completed 200 OK in 15ms (Views: 6.9ms | ActiveRecord: 0.3ms (3 queries, 0 cached) | GC: 0.0ms)


Started GET "/users/sign_up" for ::1 at 2026-10-05 08:08:28 +0300
Processing by Devise::RegistrationsController#new as HTML
  Rendering layout layouts/application.html.erb
  Rendering devise/registrations/new.html.erb within layouts/application
  Rendered devise/shared/_error_messages.html.erb (Duration: 0.0ms | GC: 0.0ms)
  Rendered devise/registrations/new.html.erb within layouts/application (Duration: 1.2ms | GC: 0.0ms)
  Rendered shared/_navbar.html.erb (Duration: 0.3ms | GC: 0.0ms)
  Rendered layout layouts/application.html.erb (Duration: 2.2ms | GC: 0.0ms)
Completed 200 OK in 11ms (Views: 2.8ms | ActiveRecord: 0.0ms (0 queries, 0 cached) | GC: 0.0ms)


Started GET "/" for ::1 at 2026-10-05 08:08:34 +0300
Processing by PagesController#home as HTML
  Rendering layout layouts/application.html.erb
  Rendering pages/home.html.erb within layouts/application
  [1m[36mConference Count (0.1ms)[0m  [1m[34mSELECT COUNT(*) FROM "conferences" WHERE "conferences"."status" = 1 AND (submission_deadline >= '2026-10-05') /*action='home',application='ConfCalendar',controller='pages'*/[0m
  ↳ app/views/pages/home.html.erb:5
  [1m[36mConference Exists? (0.1ms)[0m  [1m[34mSELECT 1 AS one FROM "conferences" WHERE "conferences"."status" = 1 AND (submission_deadline >= '2026-10-05') LIMIT 1 /*action='home',application='ConfCalendar',controller='pages'*/[0m
  ↳ app/views/pages/home.html.erb:9
  [1m[36mConference Load (0.1ms)[0m  [1m[34mSELECT "conferences".* FROM "conferences" WHERE "conferences"."status" = 1 AND (submission_deadline >= '2026-10-05') ORDER BY "conferences"."submission_deadline" ASC /*action='home',application='ConfCalendar',controller='pages'*/[0m
  ↳ app/views/pages/home.html.erb:10
  Rendered collection of components/_conference_card.html.erb [3 times] (Duration: 0.6ms | GC: 0.0ms)
  Rendered pages/home.html.erb within layouts/application (Duration: 4.5ms | GC: 0.0ms)
  Rendered shared/_navbar.html.erb (Duration: 0.5ms | GC: 0.0ms)
  Rendered layout layouts/application.html.erb (Duration: 6.3ms | GC: 0.0ms)
Completed 200 OK in 15ms (Views: 6.5ms | ActiveRecord: 0.3ms (3 queries, 0 cached) | GC: 0.0ms)


Using vips to process variants requires the libvips library. Please install libvips using the instructions on the libvips website.
  [1m[36mActiveRecord::SchemaMigration Load (0.2ms)[0m  [1m[34mSELECT "schema_migrations"."version" FROM "schema_migrations" ORDER BY "schema_migrations"."version" ASC /*application='ConfCalendar'*/[0m
  [1m[36mActiveRecord::InternalMetadata Load (0.1ms)[0m  [1m[34mSELECT * FROM "ar_internal_metadata" WHERE "ar_internal_metadata"."key" = 'environment' ORDER BY "ar_internal_metadata"."key" ASC LIMIT 1 /*application='ConfCalendar'*/[0m
  [1m[36mActiveRecord::SchemaMigration Load (0.0ms)[0m  [1m[34mSELECT "schema_migrations"."version" FROM "schema_migrations" ORDER BY "schema_migrations"."version" ASC /*application='ConfCalendar'*/[0m
  [1m[36mActiveRecord::InternalMetadata Load (0.1ms)[0m  [1m[34mSELECT * FROM "ar_internal_metadata" WHERE "ar_internal_metadata"."key" = 'environment' ORDER BY "ar_internal_metadata"."key" ASC LIMIT 1 /*application='ConfCalendar'*/[0m
  [1m[36mActiveRecord::SchemaMigration Load (0.0ms)[0m  [1m[34mSELECT "schema_migrations"."version" FROM "schema_migrations" ORDER BY "schema_migrations"."version" ASC /*application='ConfCalendar'*/[0m
  [1m[36mActiveRecord::InternalMetadata Load (0.1ms)[0m  [1m[34mSELECT * FROM "ar_internal_metadata" WHERE "ar_internal_metadata"."key" = 'environment' ORDER BY "ar_internal_metadata"."key" ASC LIMIT 1 /*application='ConfCalendar'*/[0m
  [1m[35m (1.6ms)[0m  [1m[35mDROP TABLE IF EXISTS "conferences" /*application='ConfCalendar'*/[0m
  [1m[35m (2.5ms)[0m  [1m[35mCREATE TABLE "conferences" ("id" integer PRIMARY KEY AUTOINCREMENT NOT NULL, "title" varchar, "description" text, "start_date" date, "end_date" date, "submission_deadline" date, "location" varchar, "website_url" varchar, "is_scopus" boolean, "is_elibrary" boolean, "status" integer, "created_at" datetime(6) NOT NULL, "updated_at" datetime(6) NOT NULL) /*application='ConfCalendar'*/[0m
  [1m[35m (0.1ms)[0m  [1m[35mDROP TABLE IF EXISTS "users" /*application='ConfCalendar'*/[0m
  [1m[35m (0.1ms)[0m  [1m[35mCREATE TABLE "users" ("id" integer PRIMARY KEY AUTOINCREMENT NOT NULL, "email" varchar DEFAULT '' NOT NULL, "encrypted_password" varchar DEFAULT '' NOT NULL, "reset_password_token" varchar, "reset_password_sent_at" datetime(6), "remember_created_at" datetime(6), "created_at" datetime(6) NOT NULL, "updated_at" datetime(6) NOT NULL) /*application='ConfCalendar'*/[0m
  [1m[35m (0.1ms)[0m  [1m[35mCREATE UNIQUE INDEX "index_users_on_email" ON "users" ("email") /*application='ConfCalendar'*/[0m
  [1m[35m (0.1ms)[0m  [1m[35mCREATE UNIQUE INDEX "index_users_on_reset_password_token" ON "users" ("reset_password_token") /*application='ConfCalendar'*/[0m
  [1m[35m (0.1ms)[0m  [1m[35mCREATE TABLE "schema_migrations" ("version" varchar NOT NULL PRIMARY KEY) /*application='ConfCalendar'*/[0m
  [1m[36mActiveRecord::SchemaMigration Load (0.1ms)[0m  [1m[34mSELECT "schema_migrations"."version" FROM "schema_migrations" ORDER BY "schema_migrations"."version" ASC /*application='ConfCalendar'*/[0m
  [1m[35m (0.1ms)[0m  [1m[32mINSERT INTO "schema_migrations" (version) VALUES (20261005050454) /*application='ConfCalendar'*/[0m
  [1m[35m (0.1ms)[0m  [1m[32mINSERT INTO "schema_migrations" (version) VALUES
(20261004101952); /*application='ConfCalendar'*/[0m
  [1m[35m (0.1ms)[0m  [1m[35mCREATE TABLE "ar_internal_metadata" ("key" varchar NOT NULL PRIMARY KEY, "value" varchar, "created_at" datetime(6) NOT NULL, "updated_at" datetime(6) NOT NULL) /*application='ConfCalendar'*/[0m
  [1m[36mActiveRecord::InternalMetadata Load (0.1ms)[0m  [1m[34mSELECT * FROM "ar_internal_metadata" WHERE "ar_internal_metadata"."key" = 'environment' ORDER BY "ar_internal_metadata"."key" ASC LIMIT 1 /*application='ConfCalendar'*/[0m
  [1m[36mActiveRecord::InternalMetadata Create (0.1ms)[0m  [1m[32mINSERT INTO "ar_internal_metadata" ("key", "value", "created_at", "updated_at") VALUES ('environment', 'development', '2026-10-05 05:17:16.977125', '2026-10-05 05:17:16.977127') RETURNING "key" /*application='ConfCalendar'*/[0m
  [1m[36mActiveRecord::InternalMetadata Load (0.1ms)[0m  [1m[34mSELECT * FROM "ar_internal_metadata" WHERE "ar_internal_metadata"."key" = 'environment' ORDER BY "ar_internal_metadata"."key" ASC LIMIT 1 /*application='ConfCalendar'*/[0m
  [1m[36mActiveRecord::InternalMetadata Update (0.1ms)[0m  [1m[33mUPDATE "ar_internal_metadata" SET "value" = 'test', "updated_at" = '2026-10-05 05:17:16.984714' WHERE "ar_internal_metadata"."key" = 'environment' /*application='ConfCalendar'*/[0m
  [1m[36mActiveRecord::InternalMetadata Load (0.1ms)[0m  [1m[34mSELECT * FROM "ar_internal_metadata" WHERE "ar_internal_metadata"."key" = 'schema_sha1' ORDER BY "ar_internal_metadata"."key" ASC LIMIT 1 /*application='ConfCalendar'*/[0m
  [1m[36mActiveRecord::InternalMetadata Create (0.2ms)[0m  [1m[32mINSERT INTO "ar_internal_metadata" ("key", "value", "created_at", "updated_at") VALUES ('schema_sha1', 'acbef8d8bb7b37105caf284c06cd8c5a175ec2c8', '2026-10-05 05:17:16.987042', '2026-10-05 05:17:16.987043') RETURNING "key" /*application='ConfCalendar'*/[0m
